InchIKey,smiles,solubility
SUTWUYBMBWPLMW-MDWZMJQESA-N,CCCCNC(=S)N/N=C/C1=C(C)C=CS1,-3.454
RIYHJWOTNJXDLV-UHFFFAOYSA-N,CN1C(SCC2=NC(C3=CC=CS3)=NO2)=NN=C1C1CCCCC1,-4.502
OGNBARHGQVMGGX-UHFFFAOYSA-N,O=C(O)CC(NC(=O)C1=CN=CC=N1)C1=CC=CC=C1Cl,-2.9
WQEXDIRUOYNDCM-UHFFFAOYSA-N,O=S(=O)(C1=CC=CC=C1)N1CCN(C2=NOC3=CC=CC(Cl)=C23)CC1,-4.777
YEGVLLQDOGYWDQ-OAHLLOKOSA-N,CCC[C@@H](C)N(C1=CC(Cl)=CC=C1CO)S(=O)(=O)C1=CC=C(C)C=C1,-4.473
CSYFJLPYVQTDCQ-MRXNPFEDSA-N,CN1C(=O)C2=C(N=C(N3CCC[C@@H](N)C3)N2CC2=CC(F)=CC=C2Cl)C2=CC=C(C(=O)O)C=C12,-5.152
JGGVCLFLOLHMSW-UHFFFAOYSA-N,CNC(=O)C1=CC=CC2=C1N=C(C1=CC=CC=C1O)N2CC1=CC=CC=C1,-5.399
AKVQZCLFNIRFEL-UDISHMIDSA-N,C[C@]12CC[C@H](S)C[C@H]1CCC1C3=CC[C@H](C4=CC(=O)OC4)[C@@]3(C)CCC21,-5.952
QCIMKMDGHYXCEB-UHFFFAOYSA-N,CC1=C(C(=O)OCC2=CC=CC=C2)C(C2=CC=C(C3=CC=CC=C3C)C=C2)NC(=S)N1CCCCCC1=NN=NN1,-7.832
SDKIBDZIDPFNHT-UHFFFAOYSA-N,CC(C)CC1=CC(C(=O)NCC2=CC=CN=C2)=NO1,-2.762
CGVTXIMVAPAPNK-UHFFFAOYSA-N,COC(=O)CC1NN=C2N(CCN2C2=CC=C(Cl)C=C2)C1=O,-3.455
LWTPUALMLDLRFE-UHFFFAOYSA-N,CCN1C2=NC=C(COC3=CC=CC(C(=O)O)=C3)C=C2C(=O)N(C)C2=CC=C(Cl)N=C12,-5.907
OAGNFKCWXVXZJD-NDENLUEZSA-N,CC1=C(NC(=S)N/N=C\C2=CC=CC=C2O)C(=O)N(C2=CC=CC=C2)N1C,-5.461
YBVUWGYHDUMFEA-ZCFIWIBFSA-N,C[C@@H](O)C1=NC(C2=NC(C3=NC(CO)=CS3)=CS2)=CS1,-2.815
GASJOQPNNSMIFF-UHFFFAOYSA-N,CCCCCCCCCCCC(=O)CCCC,-5.729
LTLAIOBQBYOIBO-UHFFFAOYSA-N,C=CC1=C(N)N=CN=C1N1CCC(C2=NC(C3=CC=C(C(F)(F)F)C(F)=C3)=CN2CCN2CCCC2)CC1,-5.417
SWVJYUGDITUJRT-NBVRZTHBSA-N,O=C1/C(=N/C2=CC=C(O)C=C2)C(Cl)=C(O)C2=CC=CC=C12,-5.242
OBULHRRJFXTYED-NRFANRHFSA-N,O=C(O)CC[C@H](NC(=O)C1=CC=CC(C2=CC=CC=C2)=N1)C(=O)N1CCN(C(=O)OCCCC(F)(F)F)CC1,-4.071
YVKRFZYIMJJBFA-UHFFFAOYSA-N,CC(=O)NC1=C2C(=NN1C1=CC=CC=C1)C[S+]([O-])C2,-1.294
QEYOHPDHFPXPHI-UHFFFAOYSA-N,O=C(O)CSC(C(=O)NC1=CC=C(Cl)C=C1)C1=CC=CC=C1,-4.644
GPOFEGFXZJVBAV-UHFFFAOYSA-N,O=[N+]([O-])/N=C1\NCCN1CCCCl,-1.933
JLCVKQHIFSBODF-UHFFFAOYSA-N,CCC1=CC2=C(C3=C(C(=O)N2)C=NN3C2CCC2)C=C1C(=O)N1CCN(CCC(F)(F)F)CC1,-4.703
HFHMTIRZGGSTAO-UHFFFAOYSA-N,O=C1C2=CC(Cl)=CC=C2C2(C3=CC=CC=C3)SCCN12,-5.362
ZQPKBYQQGAQUAK-BQYQJAHWSA-N,O=C(O)C1=CC=C(OC/C=C/CN2C(=O)N(C(C3=CC=CC=C3)C3=CC=CC=C3)C(=O)C3=CC=C(N4CCOCC4)C=C23)C=C1,-7.146
PBQDGEKTDHPEJT-UHFFFAOYSA-N,CNC(=O)C1=CC(OC2=CC=C(NC(=O)C3=CC=C(OC)C=C3)C=C2)=CC=C1N,-6.012
DRFZSNBMKDNIIY-UHFFFAOYSA-N,O=C(NCC1CC1)C1=CC2=C(S1)CCN2C(=O)C1=CC=C(F)C=C1,-5.432
SIVHAPVFQQZNKB-UHFFFAOYSA-N,NC1=NN=C(C2=CC=C3NC=C(C4=CC=CC(O)=N4)C3=C2)S1,-5.284
KEFVSMYJFCKVGF-DVVUODLYSA-N,CC(=O)C1=C(C)OC([C@H]2OC[C@@H](N=[N+]=[N-])[C@@H]2Cl)=C1,-3.042
MBQZCRIKUPDPSI-UHFFFAOYSA-N,O=C(O)C1=CC=CC(CN2C(=O)CC(C3=CC=CC=C3)SC3=CC=CC=C23)=C1,-5.941
LZLAWIZBRZSTHY-UHFFFAOYSA-N,O=C(CCC(NC(=O)C1=CC(Cl)=CC(Cl)=C1)C(=O)N1CCC2(CCCC2)CC1)NCCN1CCOCC1,-3.463
QDJHBNNBIMGPTN-HRQOGRHRSA-N,CC1=CC=CC2=C1OP(=O)(O[C@H]1C[C@H](N3C=C([125I])C(=O)NC3=O)O[C@@H]1CO)OC2,-3.737
UYCUSHGDWRMTBH-ROUUACIJSA-N,CCCCCCCCC1=CC=C(NC(=O)[C@@H](N)[C@@H](O)CC)C=C1,-3.348
ZURWTJLUKIDQPW-UHFFFAOYSA-N,CC(C)N(CCC1(C2=CC=CC=C2)C(=O)NCN2CCCCC12)C(C)C,-2.857
KPILUSAHPYZUAU-UHFFFAOYSA-N,COC1=CC=C(C(=O)N2CCC3(CC2)CCN(C2=CC=NC=C2)CC3)C=C1,-3.569
MWDLEZWHBIBUQF-UHFFFAOYSA-N,CNC(=O)CC1=CC=C(C(=O)NC2=CC=CC(C3=CC=C(C4=NC5=CC=CC(C)=C5N4)S3)=C2)C=C1,-8.324
PMFVVLDDNQOBSK-UHFFFAOYSA-N,CC1=CC(NC(=O)C2=CN=C3C(C(F)(F)F)=CC=CC3=C2O)=NO1,-4.818
JUPLUOFUEJQTPN-CMDGGOBGSA-N,CS(=O)(=O)N(C1=CC(C(F)(F)P(=O)(O)O)=CC=C1/C=C/C1=CC=CC=C1)S(C)(=O)=O,-2.788
MLXZZQXUAVHVTH-UHFFFAOYSA-N,O=S(=O)(C1=CC=CC(C2=NN3C(=N2)C2=CC=CC=C2N=C3O)=C1)N1CCCC1,-4.584
OULXRFUMARETNV-UHFFFAOYSA-N,N#CC1=CC=C(S(=O)(=O)N2CCN(C3=NC=CC=C3C(F)(F)F)CC2)C=C1,-4.49
WOOTYTHCLUCBAN-BQQVRQSRSA-N,CS(=O)(=O)O.C[C@H]1CN(C2=C(F)C=C3C(=O)C(C(=O)O)=CN(C45CC(C4)C5)C3=C2F)C[C@H]1CN,-3.161
JHXBUZHKTRBUPU-HKUYNNGSSA-N,CC#CC1=CN=CC(C2=CSC([C@@H]3C[C@@H](C4=C(C)ON=C4C)SC(N)=N3)=C2)=C1,-6.546
DQUIDHIGYCDUAW-UHFFFAOYSA-N,CCCCC(C)(O)C1CCC(N2C(=O)CC3=CC(OC)=C(OC(C)C)C=C3C2C2=CC=C(Cl)C=C2)CC1,-7.256
XZKSPTBEYGRIAW-UHFFFAOYSA-N,COC1=CC2=C(N3CCN(C(=O)NC4=CC=C(OC5=CC=CC=C5)C=C4)CC3)N=CN=C2C=C1C,-5.956
XRJVXAMPYWOKBH-UHFFFAOYSA-N,O=C1C=CC(=O)N1CCNC1=NC=C(C(F)(F)F)C=C1Cl,-4.388
PNKWWEGPNJVDEY-UHFFFAOYSA-N,Cl.Cl.N#CC1=CC=C(CN2C(CN3CCCC3)=NC3=CC=CC=C23)C=C1,-3.663
NQOFDAVXLYCOSS-UWVGGRQHSA-N,CC(=O)N[C@@H](CCN)C(=O)N[C@@H](CC(C)C)C(N)=O,-0.944
UCLODDTXWGYADM-UHFFFAOYSA-N,COC1=NC=C(N2CCOCC2)C=C1S(=O)(=O)NC1=CC=NC(C2=CC=C(CN3CCCC3)C=C2F)=C1,-5.654
YPOJPDVIGNKUGH-XDHOZWIPSA-N,O=C(NCCCN1C=CN=C1)/C(=C\C1=CC=CN=C1)NC(=O)C1=CC=CC(Br)=C1,-3.937
UDYZLBDATCUMND-BGABXYSRSA-N,CCO/N=C(\C1=CC=C(Br)C=C1)C1CCN(C2(C)CCN(C(=O)C3=C(C)C=CN=C3O)CC2)CC1,-5.258
ACWNTJJUZAIOLW-BWXYOZBYSA-N,C=C(C)[C@@H]1CC[C@]2(C(=O)O)CC[C@]3(C)[C@H](CC[C@@H]4[C@@]5(C)CC[C@H](OC(C)=O)C(C)(C)[C@@H]5CC[C@@]34C)[C@@H]12,-6.811
KHGOSYUXMMBUFD-UHFFFAOYSA-N,CC1=C(NC(=O)C2=CC=CC(C#N)=C2)C=NC2=C1C(C1CCN(C(=O)C3CCOC3)CC1)=CN2C,-5.336
YQKRUFIYOUBDLA-UHFFFAOYSA-N,O=C(CCC1=NC2=CC=CN=C2N1)NC1=CC=C2C(=C1)OCC(=O)N2,-4.635
GMDSYOIQJYEGEH-KRWDZBQOSA-N,CCCC[C@H](NC(=O)OC(C(C)C)C(C)C)C(=O)C(=O)NC1=CC=NN1C1CCC1,-4.89
OSZGNMXDUIRKKS-UHFFFAOYSA-N,CC(=O)NC1=NC=CC(C2=CC(C3=CC=CC=C3)=NO2)=N1,-3.997
FXKGOUKRWOCIHB-UHFFFAOYSA-N,CCCCCCS(=O)(=O)NC1=CC=C(NC2=C3C(=NC4=CC=CC=C24)C=CC=C3)C(OC)=C1.CS(=O)(=O)O,-5.348
AFUGPLVMIXYSOF-UHFFFAOYSA-N,COC1=CC=CC=C1C1=CC(C)=C(NC2=CC=NC(NC3=CC=C(C#N)C=C3)=N2)C(C)=C1,-8.494
SBHSPVCXPBMFDR-UHFFFAOYSA-N,CC(O)C1=CC2=C(S1)C(=O)C1=C(C(C(C)O)=CS1)C2=O,-2.976
PDVPPOQDCVUFMJ-IXXDFCNBSA-N,COC1=CC=CC(C2=CC(C(=O)NC3=CC4=CC=C(OC5CC(C)C[C@@H](O)[C@H]5O)C(C)=C4OC3=O)=CC=C2OC)=C1,-6.549
NFNFUNPPSRQEKS-UHFFFAOYSA-N,O=C(O)C1=CC=C(SCC2=CC=CC(F)=C2)C=N1,-3.663
ZJODQSBBDBFFAS-UHFFFAOYSA-N,CC(C)CCCCCCCCCCCCCCNC1=CC=C(C(=O)O)C=C1,-6.524
MNQJBAQJEVQGPF-UHFFFAOYSA-N,CC1=C(C2=NN(C3=CC=CC=C3)C(C3=CC=CC=C3)C2)SC(C2=CC=CC=C2)=N1,-7.793
PWYXPDSKZHIDIQ-UHFFFAOYSA-N,CC(NC(=O)C1=CC=C(NC(=O)N2CC3=CC=CC=C3C2)C=C1)C1(C)CC1,-4.977
MZARYTXBCFQUMR-UHFFFAOYSA-N,CC(C)CC1=CC=C(C(C)C(=O)N2CCN(C3=NC=CC=C3C(=O)NC(C(N)=O)C(C)O)CC2)C=C1,-3.406
SYLBDRSSIIBAIV-HOTGVXAUSA-N,CSC1=CC=C(C(=O)N[C@@H](CCC/N=C(\N)N[N+](=O)[O-])C(=O)N[C@@H](CC(C)C)C(N)=O)C=C1,-3.701
PNJABCDGUHWOMR-UHFFFAOYSA-N,CC1=C(C)C2=C(SCC3=NN=C(C4=CC=CC=C4)O3)N=CN=C2S1,-5.689
OFBWCUWERYAJIG-CVEARBPZSA-N,O=CC1=CC=C([C@H](O)[C@H](O)CO)N1CCC1=CC=C(O)C=C1,-1.619
LMWAGXVZVZCSLJ-UHFFFAOYSA-N,CC1=CC=C(C)C(NC(=O)CN2N=C(C)C3=CC=CC=C3C2=O)=C1,-5.346
PWOKLGVLHXQYNY-UHFFFAOYSA-N,CCCCC(=O)OC1=CC(Cl)=CC=C1OC1=CC=C(Cl)C=C1Cl,-7.717
AAVNKJHZCQBLFE-UHFFFAOYSA-N,CCOC1=CC=C2N=C(N(CCCN(C)C)C(=O)C3=CC=C4C(=C3)CCCC4)SC2=C1.Cl,-5.73
VDUWUDNNQOTQJY-UHFFFAOYSA-N,C1=CC2=CC(C3=C(C4=CSC=C4)ON=C3C3=CC=C4C(=C3)OCO4)=CC=C2N1,-8.005
GKPVTQTVQVPDLH-VOTSOKGWSA-N,CCOC(=O)/C=C/C1=CC(CN2CCN(C3=CC=CC=N3)CC2)=CC(C(N)=O)=C1,-3.216
YVYVEXJFUOWVCK-UHFFFAOYSA-N,CCOC(=O)CCC1=CC=C(C2=CC=C(OC)C=C2)N1C1=CC=C(C(C)=O)C=C1,-6.793
JUEAHXPWDLGQON-RGKRWLCDSA-N,C[C@@]12CC3=CC=CC=C3CCC(CC3=CC=C(O)C=C13)C2N,-3.983
VBOOWEPYXWAHBC-UHFFFAOYSA-N,CC1=CC=CN2C(=O)C3=C(SC(C(=O)NCC(C)C)=C3)N=C12,-4.501
LRZXJAOUUBYAPE-UHFFFAOYSA-N,CC1=CC=C(C(=O)NC2=CC([N+](=O)[O-])=CC=C2F)S1,-4.838
ZOJSBJMHWGMYNM-UHFFFAOYSA-N,N#CC1=CC=CC=C1C1=CC=C(CN2C(C3=CSC=N3)=NC3=CC=C(Cl)C=C23)C=C1,-7.941
JHWUXMUHCFSXIS-OVCLIPMQSA-N,CCOC1=CC=C(C(=O)N/N=C/C2=CC([N+](=O)[O-])=CS2)C=C1,-5.483
GWNPRPOEZOJFHO-UHFFFAOYSA-N,OC(COC1C2CC3CC(C2)CC1C3)CN1CCOCC1,-1.632
VGEVGTWKOGDMJH-UHFFFAOYSA-N,CCOC1=CC=C2C(=NN=CC3=CC=CC(OC)=C3)C=C(C)NC2=C1,-6.198
WAIYJGWQTGVSJY-UHFFFAOYSA-N,C1=CC=C(P(=C2C3=CC=CC=C3C3=CC=CC=C23)(C2=CC=CC=C2)C2=CC=CC=C2)C=C1,-6.967
ZDJDDHHJDNXZRV-GWHBCOKCSA-N,CN(C(=O)CCN1CCC(OC(=O)NC2=CC=CC=C2C2=CC=CC=C2)CC1)C1=CC=C(CC(=O)NCC2=CC=C(CCNC[C@H](O)C3=CC=C(O)C4=C3C=CC(=O)N4)C=C2)C=C1,-6.133
JKIRNPPDEQPHQE-UHFFFAOYSA-N,NCCCNCCCCNCCCCN1C(=O)C2=C3C(=CC=C2)C=CC=C3C1=O,-2.636
ZFZWERMXSWIPRQ-VWLOTQADSA-N,COC1=CC=C(C2=CC=CC(COC3=CC=C([C@H](CC(=O)O)C4=NC=CN4C)C=C3)=C2)C=C1,-6.089
HAOJSTOAECRQGW-WWQQVGJXSA-N,CCCCN(C)/C(CC)=N/C1=CC=C2C(=C1)C(=O)C1=CC=C(/N=C(\CC)N(C)CCCC)C=C1C2=O,-6.185
SRRZEMVAQOSBLB-UHFFFAOYSA-N,C1=CC=C(CCN2C3CCC2CC3)N=C1,-1.46
VPPPLAKILVBFMD-UHFFFAOYSA-N,CC1=CC2=C(C(=O)NCC3=CC=C(N4CCC(C5=CC=C(OC(F)(F)F)C=C5)CC4)C=C3)C(C)=NN2C=C1,-7.065
KPSNFOHNLPZDRP-NJSLBKSFSA-N,CC1=NOC(C)=C1NC(=O)NC1=CC=CC2=C1O[C@@H](CN(C)S(C)(=O)=O)[C@@H](C)CN([C@@H](C)CO)C2=O,-3.564
RXXCIBALSKQCAE-UHFFFAOYSA-N,CC(C)CCOCC1=CC=CC=C1,-3.032
HJVRGNVSQKIHBY-UHFFFAOYSA-N,CCCCNC1=NN=C(CCN2N=C(C)C(Br)=C2C)S1,-4.719
WFVKABQFHLSPFH-INIZCTEOSA-N,CCN1N=CC(C2=NC3=C(N[C@H]4CCN(C(=O)C5CCOCC5)C4)N=CN=C3N2C)=C1C,-3.604
SZYQCCZQMOWZEU-UHFFFAOYSA-N,CC1=CC(C)=C(S(=O)(=O)N2CCOC23CCN(S(C)(=O)=O)CC3)C(C)=C1,-3.23
BJEPBULKEVIYBP-UHFFFAOYSA-N,CC(C)N1N=C(C2=CC=C3OC(N)=NC3=C2)C2=C(Br)N=C(N)N=C12,-4.88
LTBAVIKQCJGFGL-DPSVNRJGSA-N,C=C[C@@H]1C[C@]1(NC(=O)[C@@H]1CN(S(=O)(=O)C2=CC=C(F)C=C2)CN1C(=O)[C@@H](NC(=O)OC1CCCC1)C(C)(C)C)C(=O)NS(=O)(=O)C1CC1,-4.994
SXRKIFFGKQRXMR-UHFFFAOYSA-N,CC(C)COC(=O)N1CCCCC1C1=CC(C(=O)N2CCOCC2)=NO1,-2.328
YOQXJJARPAWPJV-UHFFFAOYSA-N,CC1CCCN(C(=O)C2=CC=C([N+](=O)[O-])O2)C1,-2.938
SOCFMKNDWIYRRR-UHFFFAOYSA-N,CCN(CC)C(=O)C1=C(C)C2=C(S1)N(CC(=O)NC1=CC=CC=C1)C(=O)N(C1=CC=C(OC)C=C1OC)C2=O,-6.825
CVAQCUFVFMUERM-UHFFFAOYSA-N,COC1=CC(C2=CC=C(OCCC(C)C)C=C2)=C(OC)C(O)=C1C1=CC=C(O)C=C1,-6.537
UYKWWWBGNUBPCF-VHXPQNKSSA-N,COCCCN1C(C2=CC=C(S(=O)(=O)N3CCOCC3)C=C2)=CS/C1=N\C1=CC=CC=C1,-5.248
TUVIKSUZLKLDRJ-UHFFFAOYSA-N,CC1=CC=CC(NC(=O)CN2CCC3=CC4=C(C=C3C2C)OCCCO4)=C1,-4.316
AIODKQYYALFNGH-OBGWFSINSA-N,COC(=O)C1=C(C)N=C(C)/C(=C(/O)OC)C1C(=O)OCC(=O)C1=CC=C(Br)C=C1,-4.789
ULKVTWZZSYMWKM-OUKQBFOZSA-N,CC12CC3CC(C)(C1)CC(/N=C(\N)NC1=CC=CC=C1/C=C/C1=CC=CC=C1)(C3)C2,-6.258
XXOCKOBQSMYTBC-UHFFFAOYSA-N,CC(=O)NC1=CC=C(OC(F)(F)C(F)F)C(NC(C)=O)=C1,-4.305
KJJYXWAOCHOXSO-UHFFFAOYSA-N,COC1=CC=C(N2C(=O)C3=CC=CC=C3N(CC3=CC=CC=C3F)C2=O)C=C1OC,-7.348
OCHUYZCQFZEMGU-UHFFFAOYSA-N,CC1=CC=C(C(=N)NOC(=O)C2=CC=C3C=CC=CC3=C2)C=C1,-5.264
VFJXXDCXLPMUBR-UHFFFAOYSA-N,O=C(C1=C(NC2=CC(Cl)=CC(Cl)=C2)NC2=C(Cl)C=CC([N+](=O)[O-])=C2C1=O)C1CC1,-8.438
AVJXKYISGXVRHY-UHFFFAOYSA-N,CC1(C)CC(C)(C)CC2(C1)NCC1=CC(C(C)(C)C)=CC(I)=C1O2,-5.595
WXZGKBGEDPBBPB-UHFFFAOYSA-N,O=C(COC1=CC=CC2=C1CNCC2)NCC(O)CN1CCC2=CC=CC=C2C1,-2.548
WJOFBCYZALIRKI-UHFFFAOYSA-N,O=C(C1=CC2=CC=CC=C2N1)N1CCN(CCOC2=CC=CN=C2)CC1,-2.871
KRIRSNPOXFHZIB-UHFFFAOYSA-N,CCNC(=O)CC1=CC=C(C2=CC=CC=C2)C=C1,-3.745
BDLDSSMAHRDDGB-UHFFFAOYSA-N,CC(O)CCCCN1C(=O)C(CCOC2=CC=CC=C2CC(=O)O)OC2=CC=CC=C12,-4.288
GKKSHWWDZSJINW-UHFFFAOYSA-N,CNC(=O)C1=CC(OC2=CC=C3N=C(NC4=CC=C(C5=CC=CN=C5)C=C4)N=CC3=C2)=CC=N1,-7.423
WDMCNBXVZBAGKS-UHFFFAOYSA-N,CN(CC1=CC=CC=C1)C(=O)C1=CC2=C(C3=CC=CC=C3N(C)C2=O)S1,-5.611
DAEZZWXOBPFGQJ-UHFFFAOYSA-N,CS(=O)(=O)N1CCN(C(=O)C2=CC(C3=CC=CS3)=CS2)CC1,-3.446
GUERDLPJJJMIEU-UHFFFAOYSA-N,CC1=CC=CC(CCN)=C1,-0.892
PGLJEFBAXFMYBH-UHFFFAOYSA-N,CC1=CSC(CNC(=O)NC(C)C2=CC=C3C(=C2)OCCO3)=N1,-4.334
BKGCPRVFMYQBRH-KPKJPENVSA-N,C=C(/C=C/C(=O)NC1=CC=C(N)C=C1)CC1(C)CC2=CC=CC=C2C1=O,-5.925
DWBXNQKRJAOIHK-NRFANRHFSA-N,C=CC[C@H]1CN(C2CCCC2)C2=NC(NC3=CC=C(C(=O)NC4CCN(C)CC4)C=C3OC)=NC=C2N(C)C1=O,-4.796
ZAZULDNVGOECEO-VGVWILAUSA-N,CCOP(=O)(OCC)C(NC(=S)NC(=O)[C@]1(C)CCC[C@]2(C)C3=CC=C(C(C)C)C=C3CC[C@@H]12)C1=CC=CC=C1F,-7.061
ZXWUBJASPQKEAN-UHFFFAOYSA-N,NC(=O)C1=CC2=CC(CC3=CC=CC=C3)=C(C(F)(F)F)N=C2N=C1N,-4.987
VJOQCICRCCURSU-UHFFFAOYSA-N,O=[N+]([O-])C1=NN(CCCN(CC2=CC=C(C(F)(F)F)C=C2)CC2=CC=C(C(F)(F)F)C=C2)C=N1,-5.896
KPAFCNXCULLUIL-UHFFFAOYSA-N,O=C(C1=CC=C(S(=O)(=O)NC2=CC=CC=C2)C=C1)N1CCCC(C(F)(F)F)C1,-5.261
GUSYYOQMHQNUSZ-UHFFFAOYSA-N,ClC1=CC=C(N=C2C=CN(CCCCCN3C=CC(=NC4=CC=C(Cl)C=C4)C=C3)C=C2)C=C1,-6.837
KKPGANILSLDBNG-UHFFFAOYSA-N,C=CCN1C(SCC(=O)NC2=CC(C)=C(Cl)C=C2OC)=NN=C1C1=CC=CO1,-6.397
AXTRRTMVQMYCRV-UHFFFAOYSA-N,CCCCCCN1C=NC2=C3C=CC=CC3=C3C(=C12)CCC(C)(C)O3,-6.215
BJWIPOMEOBTTJP-SRCKYBTLSA-N,CC(=O)[C@H]1CC[C@H]2[C@@H]3CC=C4C[C@@H](OC(=O)NCCNC(=O)/C(C#N)=C/C5=CC=CC(Cl)=C5)CC[C@]4(C)[C@H]3CC[C@]12C,-6.587
KMLCAXOEHCQJRO-UHFFFAOYSA-N,CN(CCCC1=CNC2=CC=C(F)C=C12)C1COC2=CC=C3C(=C2C1)C(=O)NCC3,-4.915
YFFNJWCMUGIYOE-HXBUSHRASA-N,CC(=O)OCC1=C(C(=O)OC(C2=CC=CC=C2)C2=CC=CC=C2)N2C(=O)[C@H](Cl)C2SC1,-6.55
JUFDKIHNAKWIPB-BXXZVTAOSA-N,O=C(O)C(=O)OC[C@H]1OC(=O)[C@H](O)[C@@H]1O,-0.673
NVOSPZNQVSARGS-UHFFFAOYSA-N,COC1=CC=C(OC(=O)C2=NC(SCC3=CC=CC=C3F)=NC=C2Cl)C=C1,-7.25
YUUYGPGETZPGDG-UHFFFAOYSA-N,FC1=CC=CC(CNCC2CN3N=NC=C3CO2)=C1,-2.1
AAGONDJNRDWVLR-SANMLTNESA-N,CC[C@@]1(O)C(=O)OCC2=C1C=C1N(C2=O)CC2=C1N=C1C=CC(OC)=CC1=C2C1CCCC1,-6.404
ZELWNOUFNSTJBZ-UHFFFAOYSA-N,CCOC1=CC=C2N=C(NC(=O)C(=O)C(C(=O)C3=CC=CC=C3F)C3OC(=O)C4=CC=CC=C34)SC2=C1,-8.204
DVBXFRSRFUTZTN-UHFFFAOYSA-N,CCC1=CC=C(I)C(CC)=C1NC(=O)CN(CC(=O)O)CC(=O)O,-2.746
ICZJHRYDJKYLQD-YTZAWJCFSA-N,CO[C@H]1CN(C)C(=O)C2=CC=C(NC(=O)C3CC3)C=C2OC[C@H](C)N(C(=O)C2=CC=CC=N2)C[C@H]1C,-4.318
CXRJHASYZPXNEG-UHFFFAOYSA-N,CC1=C(Cl)C=CC=C1NC(=O)C1=CC(NC(=O)C2=CC=CC=C2C(F)(F)F)=CC2=C1N=C(C1CCCC1)N2,-8.457
MQKSZWYYHGTHIV-UHFFFAOYSA-N,CC(C)NS(=O)(=O)C1=CC=C(OCC(=O)NC2=CC=CC=C2F)C=C1,-4.728
FIRIFVVVVQIBLD-UHFFFAOYSA-N,CC1=NN(C2=CC=C(C(=O)O)C=C2)C(=O)CC1,-2.456
XVXCKHQWKUVAPE-UHFFFAOYSA-N,CC(NC(=O)C1=CC=C(S(N)(=O)=O)C=C1)C(=O)O,-1.574
IFDQXIBLGLRXER-KTIHBUSBSA-N,COC(=O)[C@@]12CCCN1[C@H](C1=CC=C(SC3CCCCC3)C=C1)[C@H]1C(=O)N(C)C(=O)[C@@H]21,-4.7
LWMHQSNCXDHONB-UHFFFAOYSA-N,O=C(C1=CC=CC=C1)N1CCN(S(=O)(=O)C2=CC=CS2)CC1,-3.317
KIBICQVMFUXHBE-UHFFFAOYSA-N,CCCN(CCN1CCN(C2=CC=CC=N2)CC1)C1CCC2=CC=C(O)C=C2C1,-2.841
HRWQNVARHISMJN-HTWIIDBLSA-N,CCCCNC(=O)CC(O)C(CC1=CC=CC=C1)NC(=O)[C@@H](NC(=O)CN1CCC(C(N)=O)(C2=CC=CC=C2)CC1)[C@@H](C)CC,-3.674
NFASEKPXRUMCIX-UHFFFAOYSA-N,COC1=CC=CC(C2=CC(O)=C3C(=C2)CN(C(=O)C2CC2)CCO3)=C1,-4.407
ZKKQCCSHBYRQHR-UHFFFAOYSA-N,O=C(O)C(=O)C1CC2=CC=C([N+](=O)[O-])C=C2CN1S(=O)(=O)C1=CC=C(C2=CC=C(F)C=C2)C=C1,-5.235
BRAYPVFMFWTUKN-JOBXNTDGSA-N,C[C@]12CC[C@H]3[C@@H](CC[C@H]4NC(=O)CC[C@]34C)[C@@H]1CC[C@@H](N1C=NC3=C(N(CCO)CCO)N=C(Cl)N=C13)O2,-4.183
JMWXCKBNMITSIN-SJORKVTESA-N,CC1=NOC(C)=C1CN1CCO[C@H]2CN(CC3=CN(C)N=C3)C[C@@H]12,-1.557
FNEMLYLQYCOWSI-LICLKQGHSA-N,CN1C(C2=CC=C(Cl)C=N2)=C(C2CCCC2)C2=CC=C(C(=O)NC(C)(C)C(=O)NC3=CC=C(/C=C/C(=O)O)C=C3)C=C12,-6.832
BUAPSNKVPWEGPA-SECBINFHSA-N,N[C@@H](CS)CC1=CC=CC=C1,-1.245
HXGOZZCNWIRGDR-UHFFFAOYSA-N,CN(C)C1=CC(C2=C(CC(=O)O)SC(C(C3=CC=C(F)C=C3)C3=CC=C(F)C=C3)=N2)=CC=N1,-7.024
FJCDJOPKILSQQC-WUXMJOGZSA-N,C/C(=N\NC(N)=S)C1=CC=CC(N)=C1,-2.573
VVZCMIMCJKOCNN-UHFFFAOYSA-N,CC1=NC2=CC=C(NC(=O)C3=CC=CS3)C=C2S1,-5.0
DVTVJGRKHOHFDN-UHFFFAOYSA-N,COC1=CC=CC=C1CNC(=O)C1=CC=C(OCC2CCCO2)C=C1,-3.749
XTSDSKNXFWPJCS-NSHDSACASA-N,N#C[C@@H]1CCCN1C(=O)CNC(=O)C1=CC=NC2=CC=CC(Br)=C12,-4.103
MOUOMNBPAHLPSE-UHFFFAOYSA-N,CC1CCC2=C(SC=C2C(=O)NC2=C(F)C=C(F)C=C2Br)C1,-7.074
FFMAUIFUNZBCRQ-UHFFFAOYSA-N,CC1=CC=CC(NS(=O)(=O)C2=CC=C(C(=O)N3CCC3)C=C2)=C1C,-4.428
YWTJHJYWEVKHSQ-UHFFFAOYSA-N,CCC1CCN(C(=O)C(CCCN=C(N)N)NS(=O)(=O)C2=CC=C3C=CC(OC)=CC3=C2)C(C(=O)O)C1,-3.646
PRYDIUOIVPKNEW-CJLVFECKSA-N,C/C(=N\NC(=O)C1=CC=CN=C1)C1=CC=C(N2C(C)=CC=C2C)C=C1,-5.42
BVFBYUIDPPDGCS-UHFFFAOYSA-N,O=C(NCC=C(C1=CC=CC=C1)C1=CC=CC=C1)NC1=CC=C(Cl)C=C1,-6.313
VWKMDRWBZTWKNM-UHFFFAOYSA-N,C=CCOC(=O)C1=CC=C(S(N)(=O)=O)C=C1,-2.105
PCKXOBFTBPFENG-UHFFFAOYSA-N,NC(=S)N1N=C(C2=CC=CC=C2O)CC1C1=CC=C(O)C=C1,-4.379
AJINREBJQTYYQG-UHFFFAOYSA-N,CCCC(=O)N1CCN(C2=CC3=C(C=C2F)C(=O)C(C(=O)O)=CN3C2CC2)CC1,-3.644
UXRUDFJTPABSNB-OYHNWAKOSA-N,CCOP(=O)(CC1=CC=CC=C1NC(=O)[C@H]1CC2=CC3=C(C=C2C(=O)[C@H](C)S1)OCO3)OCC,-5.739
XSEWDLLFUPPPPL-PYHSYOTJSA-N,CC(C)=CCC/C(C)=C/CC/C(C)=C/CC/C(C)=C/CC/C(C)=C/CC/C(C)=C/CC/C(C)=C/CC1=CC(OS(=O)(=O)O)=CC=C1OS(=O)(=O)O,-6.626
UOLWAWYOIVYEAT-IWIPYMOSSA-N,COC1=CC=C2C(=C1)C(/C=C1\OC3=CC(O)=CC(O)=C3C1=O)=C(C)N2CCN1CCN(C)CC1,-3.742
GOEVKCKHFBODJY-UHFFFAOYSA-N,CN1C(SCC(=O)NC2=CC=CC=C2Br)=NN=C1C1=CN=CC=N1,-4.664
XDXADVDZZWWNRR-UHFFFAOYSA-N,O=S(=O)(NCC1=CC=C(Cl)C=C1)C1=CC(Cl)=C(OC2=CC=CC(N3CCNCC3)=C2)S1,-6.269
QJNOZHZYQOMYHW-UHFFFAOYSA-N,O=C(CN1CCOCC1)NNC1=NC(C2=CC=CC=C2)=C2C=C(Br)C=CC2=N1,-4.453
VUISAJWDMBCIQP-UHFFFAOYSA-N,COC1=CC=C(C2=NN(CCCO)C(=O)C3CCCCC23)C=C1OC,-3.621
DUBHBBAOOPNWGQ-UHFFFAOYSA-N,Br.COC(=O)CN1C(=N)N(CCN2CCCCC2)C2=CC=CC=C12,-2.295
RIJGXYIRUNBEJG-UHFFFAOYSA-N,OC1=CC=C(CC2CCN(CCC#CC3=CC=CC=C3)CC2)C=C1,-4.245
HDYLUQPADNVNQG-UHFFFAOYSA-N,COCCN1C(=O)C(C2=CN(C)C3=CC=CC=C23)=NC2=CN=C(OC3=CC=CC(Cl)=C3)N=C12,-6.779
NXBNYUSXDBHELA-DHZHZOJOSA-N,COC1=CC=C(/C=C/C(=O)C2=CC=CC=C2O)C=C1,-4.211
JGOMOURYXGBGLP-UHFFFAOYSA-N,COC1=CC(C2CC(C3=CC(OC)=C(OC)C(OC)=C3)=NN2C)=CC=C1O,-4.096
SIMOEFIOKHUVBO-UHFFFAOYSA-N,CC1(C)OCC2=C(NC3=NNC4=C(Cl)C=CC=C34)N=C(C3=C(C(F)F)NN=C3)N=C12,-6.336
XVPZRKIQCKKYNE-UHFFFAOYSA-N,CN1C(CC2=CC=CC=C2)=NC(=O)C2=CC=CC=C12,-4.04
UXLPJZGKAQRVTA-UHFFFAOYSA-N,CCCOC(=O)C1=C(C)NC(C)=C(C(=O)OC)C1C1=CC=CC([N+](=O)[O-])=C1,-6.144
CGTBRZZQACOTSR-LSQHKTNHSA-N,O=C1N=CC=CN1[C@H]1[C@H](O)[C@H](O)[C@@]2(CO)C[C@H]12,-0.709
OYTZWPYVHBHOPU-SFHVURJKSA-N,CCC1=NC=CN1CC(=O)C1=CC=C(C2=CC=C(N3C[C@H](CN4C=CN=N4)OC3=O)C=C2F)C=N1,-4.995
QWMFOPZHDXETGS-ZVHZXABRSA-N,O=C(N/N=C/C1=CC=CC=N1)C1=CC(C2=CC=NC=C2)=NC2=CC=CC=C12,-5.81
RSZWMKSWYWFHMX-SANMLTNESA-N,CN(C)CCCN1C(=O)[C@H](CC2=CC=CC=C2)N(CC2=CC=C(C3=CC=CC=C3C3=NNN=N3)C=C2)C1=S,-6.243
KFGVJVJYLSWZJG-UHFFFAOYSA-N,CCC(CC1=CC=CC=C1)NC(=O)CN1N=C(C)N2C(=CC3=C2C=CO3)C1=O,-4.676
KBAQOTQHZALTMH-WPWMEQJKSA-N,CC1=CC=C(/C=N/NC(=O)CCN2CCN(C3=CC=NC4=CC(Cl)=CC=C34)CC2)C=C1,-4.703
VJOLHYVXOROYEL-UHFFFAOYSA-N,CC1=NC2=CC=C(Cl)C=C2C(C2=CC=C(Cl)C=C2)N1CCN1CCCCC1,-4.675
NMXILYPHEODMRP-UHFFFAOYSA-N,O=C1C2C3C=CC(C3)C2C(=O)N1CCNC1=C2C(=NC3=CC=CC=C13)C=CC=C2,-6.339
ZYPFOSZGRDTEPJ-INIZCTEOSA-N,CN(C)C[C@H]1CCN2C(=C(C3=C(NC4=CC=CC=C4)C(=O)NC3=O)C3=CC=CC=C23)C1,-5.294
OOZYTONLGPPKPM-WJOKGBTCSA-N,O=C(N[C@H](CC1=CNC2=CC=CC=C12)C(=O)NC1=CC=NC=C1)C1=CC=C(N2CCN(C3=CC=CC(C(F)(F)F)=C3)CC2)C=C1F,-7.102
OSLLJZQZZPCQEN-UHFFFAOYSA-N,CSC1=NC=C(Cl)C(C(=O)NC2=C(C(=O)C3=CC=C(Cl)C=C3)OC3=CC=CC=C23)=N1,-8.152
LVTFXXHFOAVFAJ-ZQBBOAKWSA-N,O=C(/C=C/C1=CC=CC=C1Cl)[C@@H]1[C@@H](C2=CC=CC=C2Cl)[C@@H]2CSCN2C12C(=O)NC1=CC=CC=C21,-7.591
VXEYXROSIMOFIS-UHFFFAOYSA-N,CS(=O)(=O)C1=CC=C(C2=C3C(=C(C4=CC=C(S(C)(=O)=O)C=C4)N2)C2CCC3C2)C=C1,-5.744
WLGSTVNPSKYNLO-UHFFFAOYSA-N,CC(C)(C)C1=CC=C(CN(CC2=CC=CC3=CC=CC=C23)N2C=NN=C2)C=C1,-6.089
TZNQMGFEWYPGDR-UHFFFAOYSA-N,NC1=NC2=CC3=C(NC(NCCC4=CC=C(C(=O)O)C=C4)=N3)C=C2C(=O)N1,-4.79
MEXOOXQSKJQSPA-UHFFFAOYSA-N,CCOC(=O)C1=NOC2(C1)C(=O)NC1=CC=C(OC(F)(F)F)C=C21,-4.527
ZRQUIFFSYFFJJZ-UHFFFAOYSA-N,O=C1NC2=CC=CC=C2/C1=N\NC(=O)C1=CC=CN=C1,-4.292
BFNQHIJJIFTQCT-UHFFFAOYSA-N,CC(O)(COC1=CC=C(F)C=C1F)C(=O)NC1=CC=C(C#N)C=C1C(F)(F)F,-5.65
NQEXFOOJALTUQI-UHFFFAOYSA-N,CC(CNC(=O)C1=CC=CC=C1)(CNC(=O)C1=CC=CC=C1)[N+](=O)[O-],-4.157
BAZIZFOLMQRGMR-UHFFFAOYSA-N,CC1=CC=C(N2C=CN3C(SC(C)C(=O)NC4=CC=C5C(=C4)OCCO5)=NN=C3C2=O)C=C1C,-6.617
BXZCHELXYNXCDS-UHFFFAOYSA-N,NC1=NN2C(=N1)NC(C1CC1)=C(CC1=CC=C(Cl)C(Cl)=C1)C2=O,-5.687
VYMNBUQVQUXHSM-UHFFFAOYSA-N,CCCN(CCC)C1=CC(C)=NC2=C(C3=NC=C(N=O)C=C3C)C(C)=NN12,-5.478
ULFGDQDWOJBMLY-YPMHNXCESA-N,CC1(C)OC2=C(SC(C#N)=C2)[C@@H](N2CCCC2=O)[C@@H]1O,-2.696
VACBNLGJAQMVJK-UKTHLTGXSA-N,O=C1NC2=CC=CC=C2/C1=C\C(=O)C1=CC=CC(Cl)=C1,-5.597
WTWJERJTGDRNRR-UHFFFAOYSA-N,NCCC[Se](=O)O,0.555
BRAWSIIECGMQJC-UHFFFAOYSA-N,O=C(CCC(=O)N1CCN(S(=O)(=O)C2=CC=C(Cl)C=C2)CC1)NC1=CC=C2C=CC=CC2=C1,-6.087
LDXDMBVFSOGIIJ-NRXMAPPISA-N,COC1=CC=C(/N=C2C(=N/C3=CC=C(OC)C=C3)/N(C3=CC=CC=C3)C(=S)N/2N=C=C2SC3=CC=CC=C3N2C)C=C1,-8.241
IIRVXNJEGFDTAK-UHFFFAOYSA-N,O=C(CCN1C(=O)C2=CC=CC3=CC=CC(=C23)C1=O)NCC1=CC=CN=C1,-4.757
KJVFQLVWOAZHEV-UHFFFAOYSA-N,CCCCNC(=O)CSC1=NC2=CC3=C(C=C2C(=O)N1CC1=CC=CO1)OCO3,-4.897
OXYCNDUOAUAOAC-IGMJJTELSA-N,COC(=O)[C@@]1(C)[C@H]2C(=O)N(C)C(=O)[C@H]2[C@H]2CN=C(SCC3=CC=C(C)C=C3)N12,-3.962
QRYRSVDNNGPOCP-UHFFFAOYSA-N,C=CCNC(=O)C(C)(C(C)C)N(C(=O)C1=CC=CN=C1)C1CC1,-3.088
IUFLCCGSBWWBGH-UHFFFAOYSA-N,OC1=NC=C(OC2=CC=CC(C(F)(F)F)=C2)C=N1,-3.634
PRYSYKQNIPXASP-UHFFFAOYSA-N,COC1=CC=CC=C1NC(=O)CSC1=NN=CN1N,-2.728
DCANEJPZBIAFRD-UHFFFAOYSA-N,CCOCCN1CCN(CC2=CN(C)N=C2)CC1C,-0.596
LYNBJSJVJXRVTC-BZSNNMDCSA-N,N[C@@H](CC1=CC=C(O)C=C1)C(=O)N[C@H]1CSSC[C@@H](C(=O)O)NC(=O)C2=CC(=CC=C2)NC1=O,-3.791
KLUBFNJJJWONQA-UHFFFAOYSA-N,CC#CCOC1=CC=C(S(=O)(=O)CC2(C(=O)NO)CCCN(S(=O)(=O)CC3=CC=NC=C3)C2)C=C1,-4.069
PIVPVCCOKPYBOP-FPLPWBNLSA-N,COC1=CC(/C=C\C2=CC=CC3=C2OC(=O)N3C)=CC(OC)=C1,-4.889
YPDMZTAHAUZDKO-JZBRPHLYSA-N,CSCC(O/N=C(\C(=O)N[C@@H]1C(=O)N(OS(=O)(=O)O)C1(C)C)C1=CSC(N)=N1)C1=CC(=O)C(O)=CN1O,-3.552
TUUDYGUVNIAEDD-UHFFFAOYSA-N,O=C(CN1CCNCC1)NCC1=CC=C2SC=CC2=C1,-2.176
MAECBKYPUBIHOI-UHFFFAOYSA-N,CC1=CC(C)=NC(NC(=O)NS(=O)(=O)OC2=CC=CC=C2C(=O)OC2=CC=CC=C2)=N1,-6.069
ZLJCOCPMGGSXRR-UHFFFAOYSA-N,O=C(O)C1CCN(C2=NC(C3=CC=C(Br)C=C3)=CS2)CC1,-4.289
KUGOSCGBFCSECZ-GQCTYLIASA-N,CO/C(O)=C/C1=NCCNC1=O,-0.65
OGUHXQFMLWUPCE-UHFFFAOYSA-N,COC(=O)C1=CC2=CC=C3C(=C2C(C2=CC=C4C(=C2)OCO4)=C1C(=O)OC)OCO3,-5.867
XDUMFDDLQURJLV-UHFFFAOYSA-N,S=C(NCCN1CCOCC1)NC1=CC=C2N=CN=C(NC3=CC=C(Cl)C=C3)C2=C1,-6.561
KIKGLPDJZDAKFB-UHFFFAOYSA-N,CCN(CC)C1=CC=C(CN2CCC(C(=O)NCC3=CC=C(C)C=C3)CC2)C=C1.O=C(O)C(=O)O,-3.434
SVRJEAMALKPJOQ-UHFFFAOYSA-N,O=C(COC(=O)CN1C(=O)NC2(CCCCC2)C1=O)NC1=CC(F)=CC=C1F,-4.935
NDINQOKZIDQTBN-UHFFFAOYSA-N,O=C(OCC1=CC=CS1)C1=CC2=C(O1)C(=O)C1=CC=CC=C1C2=O,-6.272
ZYODXRYBYZMUNL-UHFFFAOYSA-N,COC(=O)CCC1=CC=C(C)C=C1,-2.464
QBDOFAGOTWCKQB-UHFFFAOYSA-N,COC1=CC=C(CN2C(NCCNC(=N)N)=NC(=O)N(CCC3=CC=CC=C3)C2=O)C=C1,-3.996
INNWZDNVOIAPRP-UHFFFAOYSA-N,CCOP(=O)(OCC)C1(P(=O)(OCC)OCC)CC(C(=O)CC)=NN1,-1.493
IDOHVXBVCIPPSW-HOTGVXAUSA-N,C[C@H]1COCCN1C1=NC(N2CCOC[C@@H]2C)=C2N=C(C3=CC=C(C4=NC=CN4)C=C3)NC2=N1,-3.877
KELKEHFTJFLDAM-UHFFFAOYSA-N,O=C(NC1=CC=C(OC(F)(F)F)C=C1)NC1COC2=CC=CC=C2C1,-5.699
RUGBZCTWKBEUNI-UHFFFAOYSA-N,CC1=CC(C)=NC(NC(=S)N2CCN(C3=CC=C4C=CC=CC4=C3)CC2)=C1,-6.307
OAVFKAHCLBNXSU-UHFFFAOYSA-N,CC1=NN=C(SC(C)C(=O)NC2=NC=CS2)S1,-3.26
QLPJOBBIJIWDOA-UHFFFAOYSA-N,NC1=C(C2=NC3=CC=CC=C3S2)C(=O)CN1NC(=O)C1=CNC2=CC=CC=C12,-6.139
JAURGPIILHRUCZ-WEVVVXLNSA-N,C/C(C#N)=C\C1=CC=C(C)C=C1Cl,-3.741
OYELBKDRZUAMQY-SHHOIMCASA-N,COC1=CC=C(CC(/C(=N/OCCCCC(=O)O)C2CCCCC2)N2C=CN=C2)C=C1,-4.699
DRHSVFXMBSQDIC-REZTVBANSA-N,O=C1NC2=CC=C(Cl)C=C2/C1=N/N=C/C1=CC=C(O)C(O)=C1,-5.224
MRMNCFGODMCHHJ-UHFFFAOYSA-N,CC1=NC(NC2=NC(O)=CC(CSC3=CC=C(Cl)C=C3)=N2)=NC2=CC=CC=C12,-6.626
PLZKIIULZQORTM-LLVNNSLESA-N,COC(=O)/C=C/OC[C@H]1OCCC[C@H]1O[Si](C)(C)C(C)(C)C,-3.471
WDXRGPWQVHZTQJ-WUNHTLNSSA-N,C/C=C1\C(=O)C[C@@H]2[C@@H]3CCC4=CC(=O)CC[C@@]4(C)[C@H]3CC[C@@]12C,-5.058
JMRQLQZCVRXVBF-DPQHJISKSA-N,C=C(CC[C@@H](C)[C@H]1CC=C2C3=C([C@@H](O)[C@H](OC(C)=O)[C@]12C)[C@@]1(C)C[C@@H](O)[C@H](OC(=O)CCC(=O)O)C(C)(C)[C@@H]1CC3)C(C)C,-6.286
PKSYYDVTKCWIMK-QJLXOANVSA-N,CO[C@]1(C2=CC(F)=CC(SC3=CC=C(/C(C)=N/O)C=C3)=C2)CCO[C@@H](C)C1,-5.405
ILBNDUAYPWIWNI-CYBMUJFWSA-N,CC1=C(C2=CC=NN2)SC2=C(N[C@@H]3CCNC3)N=C(C3=CC=NC=C3)N=C12,-4.827
ZCODZCCHEGPLFA-UHFFFAOYSA-N,CCC1C(=O)N2C=CSC2=[N+](CC2=CC=C(Cl)C=C2)C1=O,-4.098
DHJSIGLFEZHWTN-UHFFFAOYSA-N,COC1=CC2=C(C(C3=CC=CC(C4=CC=CC=N4)=C3)=C(C3=CC=CS3)C(=O)N2)C=C1OC,-8.454
VQKNVDMTYTWAPP-RGVLZGJSSA-N,COC1=CC=C(N2C(=O)CC(SC(=N)N/N=C(\C)C3=CC=CS3)C2=O)C=C1,-5.009
MHJKYBXJQUFCAY-UHFFFAOYSA-N,O=C1NC2=C(C(C3CCN(C4=CN=C(C(F)(F)F)C=N4)CC3)=NN2)C(O)(C(F)(F)F)C1O,-3.684
NWJKKFOUUINEJW-UHFFFAOYSA-N,O=C(C1=CC=CC(C2=CC=CC=C2F)=C1)N1CCC2=C(NC3=CC=CC=C23)C1,-6.81
YRMGHBRKSZQGFZ-BOXHHOBZSA-N,N=C(N)N1CCC[C@H]1C1=NC(C2=CC=C3C=C(OCC(=O)C4=CC=C(C(F)(F)F)C=C4)C=CC3=C2)=NO1.O=C(O)C(F)(F)F,-6.755
YFRICIADHZUKMP-UHFFFAOYSA-N,CCN(CC)CCN(CC)C1=CC=C2C=C(C(=N)N)C(=O)OC2=C1.Cl,-2.403
GZAPVKSQRTZSJU-UHFFFAOYSA-N,OC(CN1C=CN=C1)(C1=CC=C(F)C=C1)C1=CC=CC=C1C1=CC=NC=C1,-4.0
GDYUSSFBUVJSFX-UHFFFAOYSA-N,CN(C1=CC=C(Cl)C=C1)S(=O)(=O)C1=CC=CC(C(=O)NC2=CC(Cl)=CN=N2)=C1,-6.485
ORPXEQOZVCQUKK-UHFFFAOYSA-N,CC1=CC=C(S(=O)(=O)NC2=CC=C(C3=NN=C(SCC#N)N3C)C=C2)C=C1,-5.038
TXUWQECYFJZEMC-RBZQAINGSA-N,CCC(CC)O[C@@H]1C=C(C(=O)NCC2=CC=C(C3=CSC=C3)C=C2)C[C@H](N)[C@H]1NC(C)=O,-4.233
QWKYFMXJKILTAJ-LJQANCHMSA-N,CCCN(CCC)[C@H]1COC2=C(C=CC=C2C2=CC=C(OC)C=C2)C1,-4.474
NLHNOVPBFCSLAT-UHFFFAOYSA-N,CN1C(C(=O)NC2CCCC2)=NC(C2=CC=C(Cl)C=C2Cl)=C1C1=CC=C(Cl)C=C1,-7.246
JQAIMHGAEVVRTI-UHFFFAOYSA-N,CCCCN(CC1=CC=CC=C1C1=CC=CC=C1)C1=NC2=C3C(=CC=C2S1)CCCC3,-7.929
XFUKIAYRJVFVSZ-ZENAZSQFSA-N,CN1CCC(OC2=CC(CN3CC[C@H](NC(=O)C4=CC=C(Cl)C(Cl)=C4)C3)=CC=C2I)C1,-4.073
VLOMEILIKQSBAS-UHFFFAOYSA-N,COC1=CC(O)=C2C(=O)C=C(C(=O)NCCCCCCN(C)CC3=CC=CC=C3OC)OC2=C1,-4.106
GDNDXNUOEVYPDM-SDHOMARFSA-N,CCCN(CCC)C(=O)C1=CC(C)=CC(C(=O)N[C@@H](CC2=CC(F)=CC(F)=C2)[C@H](O)[C@@H]2NCCNC2=O)=C1,-3.946
PSFWRKAIDVJVPD-UHFFFAOYSA-N,N#CC1=CC=CC(NC(=O)NCCCN2CCC(CC3=CC=C(C(F)(F)F)C=C3)CC2)=C1,-5.531
QLXYYFOZLXUJSU-UHFFFAOYSA-N,CC1CCN(C(C2=CC=CC=C2)C2=C(O)N3C(=NC(C4=CC=CO4)=N3)S2)CC1,-4.462
HDWYPNVSPBUTCS-FTPOTTDRSA-N,CNC1=CC=CN=C1/C=N/NC(=S)N(C)C.Cl,-2.708
ZUOXMLSPIUSXPR-UHFFFAOYSA-N,COC1=CC=C(C(=O)NC2=C(C)N(COC3=CC=CC(C(F)(F)F)=C3)N=C2C)C=C1,-7.097
HRWPTRXVULGXJH-GEFPKZSYSA-N,NC/C=C\CN(CCF)C[C@H]1O[C@@H](N2C=NC3=C(N)N=CN=C23)[C@H](O)[C@@H]1O,-1.286
KEOVOLZZHVJWJR-UHFFFAOYSA-N,O=C(NC1=CC=CC=C1)C1=[N+]([O-])C2=CC(Cl)=C(Cl)C=C2[N+]([O-])=C1C1=CC=CC=C1,-5.011
DGBHLXYEPIJNFG-UHFFFAOYSA-N,CN1C(Cl)=C(C(=O)NC2=CC=C(Cl)C=C2)C2=CC=CC=C12,-6.097
BQVZICWQBFTOJX-QNDZYWSYSA-N,C[C@@H]1C[C@@](N)(C(=O)O)[C@@H]2[C@@H](C(=O)O)[C@H]12,-0.727
FRUDVXRUSIWXJO-UHFFFAOYSA-N,O=C1OC2=CC=CC=C2C(NC2=CC=C(OCCN3CCCC3)C=C2)=C1C1=CC=C(F)C=C1,-6.653
CMHQDSBIBSKHFP-UHFFFAOYSA-N,O=C(O)C1=CCCN(CCOC(C2=CC=C(C(F)(F)F)C=C2)C2=CC=C(C(F)(F)F)C=C2)C1,-5.291
MXVAYAXIPRGORY-UHFFFAOYSA-N,ClC1=CC(Cl)=CC(C2=CC(Cl)=C(Cl)C(Cl)=C2)=C1,-8.072
ZCMMWOVFLLUFDU-UHFFFAOYSA-N,CC1=CC2=C(N=C(CC3=CC=CC(Cl)=C3)O2)C(NCC(F)(F)C2=CC=CC=[N+]2[O-])=N1,-5.272
FZVSEIOEFSDZOA-UHFFFAOYSA-N,CC1=CC(SC2=C(O)OC(CCC3=C(C)SC=N3)(C(C)C)CC2=O)=C(C(C)(C)C)C=C1CO,-6.183
HULVBXHCFWOUHP-VHJOFQCFSA-N,NC(=O)OCCO[C@@H]1[C@H](O)[C@H](OC2=CC=C(I)C=C2)O[C@@H](COS(=O)(=O)C2=CC=C3C=CC=CC3=C2)[C@H]1O,-4.548
CDLQJUZZIBSLEZ-UHFFFAOYSA-N,COC1=CC=C(NC2=C(C3=CC=C(F)C=C3)N=C3N=C(C)C=C(C)N23)C=C1,-7.66
YQCHJORSBGANNU-UHFFFAOYSA-N,NC1CN(C2=NC=C(C(=O)NC3=CC=C(OC(F)(F)Cl)C=C3)C=C2C2=CN=CN=C2)C1,-4.74
ISDNLQZIXKBDQS-UHFFFAOYSA-N,CCCCN(CCCNC1=CC=NC2=CC(Cl)=CC=C12)CC1=CC(Br)=CC=C1O,-4.569
QCOOGLXBUANRGO-MISDAEJGSA-N,CSC1=CC2=C(C(=O)C3=CC=C([C@H]4C[C@@H](O)[C@H](O)[C@@H](C)O4)C(O)=C3C2=O)[C@@]2(O)C(=O)C=C(C)C[C@@]12O,-3.923
WANUEHQHGBYBLT-UHFFFAOYSA-N,COC1=CC2=NC=NC(NC3=CC=C(Br)C=C3Cl)=C2C(OC)=C1OC,-6.233
FHIKEQNYVZSIEI-KYJUHHDHSA-N,CC(C)C[C@@H](C(=O)N[C@@H](CC1=CC=C(OC(=O)C2=CC=CC=C2)C=C1)C(=O)NC(C)(C)C)N(C)CC1=CC=CC=C1Cl,-5.417
WCWQZLUHHJUUJM-UHFFFAOYSA-N,COC1=CC=C(CCNC2(C#N)CCCCC2)C=C1OC,-3.469
AFRLWULTPSQTJR-UHFFFAOYSA-N,CCOC(=O)N1C(=O)N(C2=CC=CC(C(F)(F)F)=C2)C2=C(C(=O)CC2)C1C1=CC=C(C#N)C=C1S(C)(=O)=O,-6.865
VZAJNAMCAWDCMR-UHFFFAOYSA-N,O=C1NC(=O)C2=C1C1=C(OC3=CC=CC=C3O1)C1=C2C2=CC(O)=CC=C2N1,-7.686
WYNUBLAIBVYKTR-UHFFFAOYSA-N,CC1=CC=C(CC(=O)N(C)CC2(O)CCCN(C3=CC=CC=N3)C2)S1,-3.158
WMHUNWSSFWGGDP-DEOSSOPVSA-N,CC1=NNC2=CC=C(C3=CN=CC(OC[C@@H](N)CC4=CC=CC(OCCN5CCOCC5)=C4)=C3)C=C12,-3.82
QFZMGUJABZECLU-XWDWZIQCSA-N,CC[C@H](C)[C@H](NC(=O)[C@H](C(C)C)[C@@H](O)[C@H](O)[C@H](CC(C)C)NC(=O)OCC1=CC=CC=C1)C(=O)NCC1=CC=CC=N1,-3.99
XVOMFNLPAMISSW-UHFFFAOYSA-N,CCN(CCCN1CCCCC1)C1=CC(C)=NC(NC2=CC=C(C(F)(F)F)C=C2)=N1.O=C(O)C(F)(F)F,-5.423
PPCGMGHPTLIZSS-AUVZLTIHSA-N,COC1=CC=C2N=CC(F)=C([C@@H](O)CC[C@@H]3CCN(C4CC(C5=CC=C(F)S5)C4)C[C@@H]3C(=O)O)C2=C1,-5.156
DOQVEVUPASOJLQ-KRWDZBQOSA-N,COC1=CC=C([C@H]2CC(=O)N(C3=CC=CC(NS(=O)(=O)C4=CC(Br)=C(Cl)S4)=C3)C2)C=C1OC1CCCC1,-7.743
XWVFBUOUWXGKIB-UHFFFAOYSA-N,CCN(C)C(=O)CN1CC(OC2=CC=CC(Cl)=C2)C1,-2.173
LDTYCPIQHHHNCK-UHFFFAOYSA-N,CC(C)OC1=CC=NC2=CC=C(C#CCNC(=O)C3=CC=CN(CC4=CC=C(F)C(F)=C4)C3=O)C=C12,-7.339
WLEPZPAKSFBFNK-UHFFFAOYSA-N,COC(=O)C1=C(O)C=C(O)C(Cl)=C1CCC(=O)N1CCC2=CC=CC=C12,-5.227
LONAMIOABDSPFE-UHFFFAOYSA-N,CCCNC(=O)C1=CC=NC(C2=CC=C(CNC3CC4=CC=CC=C4C3)C=C2)=C1.O=C(O)C(F)(F)F,-5.348
ADEZIYQYXOGZGX-BJMVGYQFSA-N,CN1C(=N)N/C(=C/C2=CNC3=CC=CC(Br)=C23)C1=O,-3.663
QYQVBGWDHQUXNU-UHFFFAOYSA-N,COC1=CC=CC=C1NC(=O)C(=O)N1CCCC1,-2.321
YULOHHJNVBWZFQ-IBGZPJMESA-N,CCC(CC)(NC(=O)C(C)C)C(=O)N[C@@H](CCCNC(=N)N)C(=O)NCCC1=CC=CC=C1,-3.421
WUVJSEREYUFVKJ-ZBJMMJAPSA-N,CC(C)(O)C1=CC=CC=C1CC[C@@H](SCC1(CC(=O)O)CC1)C1=CC=CC(/C=C/C2=NC(C3=CC=C(F)C=C3)=CS2)=C1,-7.658
YIJBKFVBAAGOKC-UHFFFAOYSA-N,COC1=CC=C(NC(=S)/N=C(\N)NC2=NC(C)=C3C=CC=CC3=N2)C=C1,-5.631
HVGMAUSTZLWHEQ-PKTZIBPZSA-N,CC1=NN(C2=CC=CC=C2)C2=C1[C@@H](C1=CC=C(F)C=C1)[C@H](NC(=O)C1=CC=CC(C(F)(F)F)=C1)C(=O)N2,-8.124
PPVGQERWWBWIDQ-NKRMQULXSA-N,CO[C@@H]1CC[C@@]2(C)[C@@H](C1)C[C@@H](OS(=O)(=O)O)[C@@H]1[C@@H]2CC[C@@]2(C)[C@H]1CC[C@@H]2[C@H](C)CCC(=O)N1CCCC1,-4.865
YAXYIJYIERUQSL-UHFFFAOYSA-N,O=C1C=C(OCC2=CC=C(F)C=C2)C=CN1C1=CC=CC(OCCN2CCCC2)=C1,-5.34
PDDJQTWBKGSXCD-UHFFFAOYSA-N,COC1=C(S(=O)(=O)N2CCCC2)C=CC(Cl)=C1Cl,-4.037
LHBDJOOCOGNAPZ-UHFFFAOYSA-N,OC1=CC=C(C2=CC3=CC=CC(Cl)=C3O2)C=C1,-4.496
UZJMOGLTRDKRCS-UHFFFAOYSA-N,Cl.NCC1=NN=C(S)O1,-0.51
IONJPYUMFUUCGN-UHFFFAOYSA-N,IC1=CC=C(C2=CSC(NN=C3CCCCC3)=N2)C=C1,-6.476
QGZGXGGLQSWROG-UHFFFAOYSA-N,O=C1NC2=NC=C(C3=CC=C4NC=CC4=C3)N=C2N1CC1CCCCC1,-5.475
XDVJNGYZBQMVEV-UHFFFAOYSA-N,CC(CCC1=CC=CC=C1)NC(=O)CNCCCN1CCOCC1.O=C(O)C(=O)O,-1.602
YJCXNBBFFCXASC-ZEQRLZLVSA-N,COC1=CC=C(C(=O)C2CCN([C@H]3CN(CC4=CC=CC=C4)CC[C@@H]3O)CC2)C=C1,-3.086
MPBXIJRHMMFZHW-UHFFFAOYSA-N,COC(=O)CNC1=CC=C(C2=NC(CC3=CC=C(OC)C=C3)=NO2)C=N1,-4.547
UIJXPBABJIYKKJ-KFKAGJAMSA-N,NC(=O)[C@H]1CC[C@H]1C(=O)N1CCC2=C(O)C=CC=C2[C@H]1CN1C(=O)C2=CC=CC=C2C1=O,-4.526
LVPGSWWTOAVXNB-UHFFFAOYSA-N,O=CC1=CC=CC(C(=O)SC2=CC(Cl)=CC(Cl)=C2)=N1,-5.398
LIRNRWBUJJIWJD-UHFFFAOYSA-N,CC1=CC=C(C2=NNC(C3=NC(=CN4CCN(C)CC4)NO3)=C2)C=C1,-2.369
YJDKTUGCLYBQOF-UHFFFAOYSA-N,CCOC(=O)CN1C=CC(NC(=O)COC2=CC=C(F)C=C2)=N1,-3.596
HIZHRVVRUJOGCY-UHFFFAOYSA-N,CC(C)C1=CC=C(OC(C(=O)O)C2=CC=C(Cl)C=C2)C=C1,-5.032
OZLHJBSTXWDJKT-UHFFFAOYSA-N,CCCCN(C)C(=O)C1=CC=C2C(=C1)C1=C(N2S(=O)(=O)CC)CN(C2CCCC2)C1,-4.1
UYGSTBVLPIFNCD-UHFFFAOYSA-N,O=C1C2=CC=CC=C2C2(C3=CC(C(F)(F)F)=CC(C(F)(F)F)=C3)NCCN12,-5.303
GZNCFRBAWXAROU-UHFFFAOYSA-N,OC1=NN=C(CC2=CC=C3C=CC=CC3=N2)C2=CC=CC=C12,-4.967
WRZWNGDNMKKPBC-UHFFFAOYSA-N,O=C(C1=CC=CC=C1)N(CC(O)CN1C2=CC=CC=C2C2=CC=CC=C12)C1=CC=C(C(F)(F)F)C=C1,-6.784
ABQSJCCISLWTEW-UHFFFAOYSA-N,COC1=CC(OC)=CC(C2=CC3=CN=C(NCCCN4CCN(C)CC4)C=C3N=C2NC(=O)NC(C)(C)C)=C1,-4.036
MYEIDQDVSWLKKZ-UHFFFAOYSA-N,O=C(O)C1=CC=NC(N2N=CC=C2OC2CCCC3=CC(Cl)=CC=C23)=C1,-5.612
VGRLQPPWTVAVCL-JXMROGBWSA-N,COC1=CC=CC(/C=C/C(=O)OCC(=O)NC2=CC=C(Cl)C(S(=O)(=O)N(C)C)=C2)=C1,-6.254
RYIDKSWQOIOIRY-WKILWMFISA-N,N[C@H]1CC[C@H](NC(=O)C2=NC(Br)=C3C=CC=NC3=C2NCC2=CC=C(F)C=C2)CC1,-5.074
UKUVGWIFFPYCNX-UHFFFAOYSA-N,CC1=NC2=CC=CN=C2N1C1=CC=CC(C(=O)N2CCN(C3=CC=C(Cl)C=C3)CC2)=C1,-6.108
QVXHWTJFEXUBPW-KZYPAZRSSA-N,CC(=O)O[C@H]1C[C@@]2(C)C(C[C@@H](O)C3[C@@]4(C)CC[C@@H](OC(=O)C(C)N)[C@@H](C)C4CC[C@]23C)/C1=C(\CCC=C(C)C)C(=O)OCC1=CC=CC=C1,-6.703
FKEZNZQUWVVTHQ-UHFFFAOYSA-N,CNC1CN(C2=NC(N)=NC3=CC(C#N)=CN=C23)C1,-2.698
LUEUGTQBZZJOJQ-UHFFFAOYSA-N,CC1=NC=C([N+](=O)[O-])N1CCOC(=O)NC(N1C=NC2=C(OCC3=CC=CC=C3)N=C(N)N=C12)C(Cl)(Cl)Cl,-5.771
RRCPWGPIIDSJTM-UHFFFAOYSA-N,FC1=CC=C(CSC2=NN=C(CN3N=NC4=CC=CC=C34)O2)C=C1F,-5.53
SLXJIYPCVXJXJL-PJRHAEEISA-N,CCCC[C@H](O[C@@H](CC1=CC=CC=C1)C(=O)N1CCC(OCS(C)(=O)=O)CC1)C(=O)N[C@@H](CC1CCCCC1)[C@@H](O)[C@@H](O)CC(C)C,-4.175
NUKMHTJDIQPDCJ-UHFFFAOYSA-N,O=C(OCC1=COC2=CC(O)=CC(O)=C2C1=O)C1=CC=CC=C1,-4.801
UDXLZRDTGQGCED-YGJQFJFHSA-N,O=C(C[C@@H]1C[C@H]2C3=CC(NC(=O)C4=CC=CN=C4)=CC=C3O[C@H]2[C@H](CO)O1)NCC1=CC=C(OC2=CC=CC=C2)C=C1,-5.748
NDXHJDVLMQJJQL-UWPQIUOOSA-N,CNC[C@H](CC1CCCCC1)NC(=O)N1CCC[C@@H]([C@@](O)(CCCCOC)C2=CC=CC(OC)=C2)C1,-3.742
LLZFPXYQEGYODU-UHFFFAOYSA-N,CC1CC(C)(C)N=C(S)N1CCC(=O)N1CCN(CC2=CC=CC=C2)CC1,-3.444
MIPLKJPTQFTNCT-INIZCTEOSA-N,C1=CC(C2=NOC([C@@H]3CCCN3C3CCC3)=N2)=CC(N2CCCC2)=N1,-2.978
CNGACCZHVNABHX-WZJDMNOTSA-N,CCC1=C(OC(=O)N(CC)CC)N2C(=O)O/C(=N\CC3=CC=CC=C3)[C@]2(C)[C@H]2C1=CC[C@H]1C(=O)N(CC)C(=O)[C@@H]21,-6.031
HNRPMNHNIDJKSN-UHFFFAOYSA-M,CC[N+](C)(CC)CCCCNP(=O)(OCC1=CN=C([N+](=O)[O-])N1C)N(CCCl)CCCl.[I-],-1.823
RUSMMCWHLBQXAL-UHFFFAOYSA-N,CC1=CC=CC2=CC(CN(CC3=CC=CS3)C(C3=NN=NN3C3CCCC3)C(C)C)=C(O)N=C12,-5.703
CVQCJPCMPGKEDH-UHFFFAOYSA-N,O=C(COC1=CC=CC=C1Cl)NC1=CC(Cl)=CC=C1C(=O)O,-5.102
PBORHGSPPFQEAL-LSDHHAIUSA-N,CC1=CC=C(CN(CC2=CC=CC=N2)C(=O)[C@H]2CC[C@@H](N)C2)S1,-3.491
ZCECJELGEOTJQW-UHFFFAOYSA-N,CC1=CC=C(C2=NN=C(C3=CC=C(CN4CCN(CCN)CC4)C(C(F)(F)F)=C3)O2)C=C1NC1=NC=CC(C2=CC=CN=C2)=N1,-4.947
OTTDOZLQGARJRG-UHFFFAOYSA-N,C1=CC=C2C(NCCCCCCNC3=C4C(=NC5=CC=CC=C35)CCC4)=C3C(=NC2=C1)CCC3,-6.733
OBODKNFPJUZOIA-UHFFFAOYSA-N,CCOC1=CC=C(CCNC(=O)CC2=NNN=N2)C=C1OCC,-3.261
IALYRNAZULNMEL-UHFFFAOYSA-N,COC1=CC2=C(C=C1OC)CN(C1=CC=C(C3=CC=CC=C3OC)N=N1)CC2,-5.175
WIZWIPZFCXEPIC-UHFFFAOYSA-N,NC1=NON=C1C(=O)NCC1=CC=CC=C1,-2.372
IQJRRHANLCJZMZ-IJBPNXEISA-N,CC(C)CO/N=C1\C[C@@H](O)[C@@H](O)[C@H]2[C@@H]1CC[C@H]1C(=O)N(C3=CC=C(F)C=C3F)C(=O)[C@@H]21,-4.526
QVLNOHYKDQDFDI-UHFFFAOYSA-N,CCCCCS(=O)(=O)NCC1=CC=C(C(=O)O)C=C1,-2.049
SWKUQMFTWFTAQQ-UHFFFAOYSA-N,CCCC1=CC=C(OCC(=O)NNC(=S)NC(=O)C2=CC=CO2)C=C1,-5.19
NRHUFCAEFOGFQG-UHFFFAOYSA-N,CCC1=CC=C(OCCCCN2C=CN=C2)C=C1,-2.965
PMQKOMRVCJPMLV-RBUKOAKNSA-N,CC1=CC(S(=O)(=O)N[C@H]2CCN([C@H](CC3=CC4=CC=NC(N)=C4C=C3OC(F)(F)F)C(=O)O)C2=O)=CN=C1N(C)C,-5.088
LSQRYZDRBPWXTJ-UHFFFAOYSA-N,CCOC1=CC=C(CNC2=CC=C(N3CCN(CC4=CC=CC=C4)CC3)C=C2)C=C1,-4.174
AEWFLRDOQHBROH-UHFFFAOYSA-N,CCCCN(CCNP(=O)(OCC)OCC)CP(=O)(OCC)OCC,-0.824
CXXYOXYJJIVXSW-UHFFFAOYSA-N,O=C(NC1=NC(C2=CC=CC=N2)=CS1)C1=CC=CC(Cl)=C1,-5.968
JFTCGPFMAZOKGM-KXNHARMFSA-N,CCCN1[C@H](C(=O)OC)C[C@H]2CC[C@H](O)C[C@@H]12,-1.307
WLRBRLHIZWBIQE-UHFFFAOYSA-N,CCCOC1=CC=C(N2C(=O)CC(N3CCC(C(=O)OCC)CC3)C2=O)C=C1,-3.56
AMHPTVWBZSYFSS-UHFFFAOYSA-N,CN1C2CCC(C)(C)C1CC(OC(=O)C(O)(C1=CC=CS1)C1=CC=CS1)C2,-4.1
XLTASQGIWFMNJU-UHFFFAOYSA-N,CC1=CC=C(N2N=NN=C2C2=CC=CN=C2)C=C1,-3.205
ITLXLQIYXORZBH-KRWDZBQOSA-N,CC1=CSC2=CC([C@H](C)NC3=NC=NC(N)=C3C#N)=C(CC3=CC=CC(CN4CCC4)=C3)C(=O)N12,-6.071
PJLVYLNYNYETHK-UHFFFAOYSA-N,CCNC1CCCCC2=CC(=C(OC)C=C2)OC2=C(OC)C=CC(=C2)CC1,-4.722
HPZMZQYJADMXGI-UHFFFAOYSA-N,COC1=CC(C2=C3C=CC(=CC4=NC(=CC5=CC=C(C=C6N=C2C=C6)N5)C=C4)N3)=CC(OC)=C1OC,-8.104
KWAXAMVLUTXYKN-UHFFFAOYSA-N,C=CCC(C1=CC=CC=C1)N(C(C)=O)C1=CC=CO1,-3.422
AJXWRHSYGALQIU-UHFFFAOYSA-N,NC1=NC(S)=C2N=CN(C3CC(O)C(CO)C3)C2=N1,-1.696
ZCMVVJGHNMLLND-UHFFFAOYSA-N,CCCN(CC(=O)N1CCN(C2CCN(C)CC2)CC1)C(=O)C1=NC2=CC=CC=C2N1CC1=CC=CC=C1,-3.19
DRARVLFZUMBHTL-UHFFFAOYSA-N,O=C(CN1CCN(C2=CC3=C(C=C2F)C(=O)C(C(=O)O)=CN3C2CC2)CC1)NC1=NC2=CC=C(F)C=C2S1,-5.396
HPVVKNNRNANXAZ-JUFIIOIISA-N,CNC[C@H](CC1CCCCC1)NC(=O)N1CCC[C@@H]([C@@](O)(CCCNC(=O)C2CC2)C2=CC=CC(Cl)=C2)C1,-4.139
BALGLXVDJIQVRU-UHFFFAOYSA-N,COC1=CC=C(C(C)=O)C=C1CSC1=NC2=CC=CC=C2C(=O)N1C1=CC=CC(C)=C1,-8.22
DVLFYONBTKHTER-UHFFFAOYSA-N,O=S(=O)(O)CCCN1CCOCC1,-0.405
SNTZEUMNYVXVSL-UHFFFAOYSA-N,COC1=CC=CC=C1N1CCN(C(=O)C2=NOC(CC(C)C)=C2)CC1,-3.229
RDAYGBPKZORYGI-UHFFFAOYSA-N,O=C(C1=CC(F)=CC(F)=C1)C(O)C1=CC(F)=CC(F)=C1,-4.312
UWFDYAWULNEXBD-YULCGJSVSA-N,CO[C@H]1CC[C@@]2(C)C(=CC[C@H]3[C@@H]4CC=C([C@H](C)N(C)C=O)[C@@]4(C)CC[C@H]23)C1,-4.693
INALXPSCMRQNIY-UHFFFAOYSA-N,CC1=CC=C2C(=C1)C1(CCNCC1)CC2NC1CC1.Cl.Cl,-1.873
XMGFOLDYCLKCBD-UHFFFAOYSA-N,N=C1C(C(=O)NC2CCCC2)=CC2=C(N=C3N(C2=O)C=CC=C3)N1CC1=CC=CC=C1,-5.727
UKOSIJCXESYYND-UHFFFAOYSA-N,CC1=CC=C(CNC2=NC3=CC=C(C)C=C3N3N=NN=C23)C=C1,-5.254
MULXWNMTBYLTHZ-KGQXAQPSSA-N,O=C(CN1CC[C@@H](C2=CC(C3=CC=C(Cl)C=C3)=NN2)[C@H](C2=CC=C(F)C=C2)C1)C1=CC=CC=C1.O=C(O)C(F)(F)F,-6.787
SAGWNXBYZYNMDZ-UHFFFAOYSA-N,O=C(O)C1=CC(COC2=CC=C(C3=CC=CC=C3)C=C2)=C(C(F)(F)F)O1,-5.817
DTVUNGVLCHTUFC-UHCVVMIDSA-N,CCOC(=O)N[C@H](CC1=CC=C2C=CC=CC2=C1)C(=O)N(C)[C@@H](CCCN=C(N)N)C(=O)N[C@@H](CC(N)=O)C(=O)N[C@H](C(=O)O)C(C)C,-3.357
DGTLYCXRLUHZDO-UHFFFAOYSA-N,CNC1=NC(=O)C2=CC3=CC=CC=C3N(C)C2=N1,-3.529
BXDOISZIOCCOSD-UHFFFAOYSA-N,COC1=CC(C2=NN(C3CCN(C4CCOCC4)CC3)C3=NC=NC(N)=C23)=CC=C1NC(=O)C1=CC2=CC(C#N)=CC=C2N1C,-6.146
OYRURKTYBYPRJP-VAWYXSNFSA-N,O=C(/C=C/C1=CC=CC=C1Cl)C1=CC=CC(N2CCCCC2)=C1,-5.888
NBJADKABGDEAKF-UHFFFAOYSA-N,ClC1=CC2=C(NC(C3=CC=CN=C3NCCC3=CC=C(C4=CC=CC=C4)C=C3)=N2)C=C1Cl,-7.794
DXDUQLMAAOSGSO-UHFFFAOYSA-N,CCC(C)(C)C1=CC=C(OCCCCCN2CCC(C)CC2)C=C1.O=C(O)C(=O)O,-4.212
PFOHTWCAPYUHGL-UXBLZVDNSA-N,O=[N+]([O-])C1=CC=CC2=CC=C(/C=C/C3=CC=C(C(F)(F)F)C=C3)N=C12,-6.58
MVPZNKOEXQWDPX-UHFFFAOYSA-N,FC1=CC=CC(NCC2=CC=C(CNC3=CC=CC(F)=C3)N=C2)=C1,-5.301
MNIDWLWYGMGCFC-UHFFFAOYSA-N,CC(=O)N1N=C(C2=CC=C(N3N=C(C)N(N)C3=O)C=C2)CC1C1=CC=CC=C1,-4.486
GGLRYZACPLNCKB-UHFFFAOYSA-N,CCOC(=O)C(=O)NC1=CC=CC(OC)=C1C(N)=O,-2.436
LORQHSFIQJBWBT-DKVFDIBASA-N,COC1=CC(C2=CC(=O)C3=C(O)C(O[C@H]4C[C@@H](O)[C@H](O)[C@H](C)O4)=C(O)C=C3O2)=CC=C1O,-4.0
XMLIKLBZSQESMV-SSEXGKCCSA-N,CC1=CC=C(CN2CCC[C@@H]2CN2CCCC2)C=C1NC(=O)C1=CC=C(NC2=NC=C(C)C(C3=CC=C(OC(F)(F)F)C=C3)=N2)C=C1,-6.914
ACFOVCHSVMOGQU-OQLLNIDSSA-N,CCC1SC(N/N=C/CCSC2=CC=CC=C2)=NC1=O,-4.131
ZKIWWIPUSMTEEJ-UHFFFAOYSA-N,O=C(CCC1=NC(C2=CC=CC=C2F)=NO1)NC1CCCCC1,-4.501
LGDVAJMMQSPBGB-AWEZNQCLSA-N,CC(C)=CC(=O)O[C@@H](CO)COC(=O)C=C(C(C)C)C(C)C,-3.581
FPJJSKKWGRACAX-UHFFFAOYSA-N,O=C(O)C1=CC=NC(N2N=CC=C2OCC2=CC=CC=C2)=C1,-3.833
XGQKCXRYLZPINK-CMDGGOBGSA-N,C#CCN1C(=O)C2=C(N=C(/C=C/C3=CC=CC(Cl)=C3)N2)N(CC(C)C)C1=O,-6.018
MWLVSUWQQMVRQX-UHFFFAOYSA-N,CC1=CN=C(C)C(N2CCN(CC3=C(C)OC(C4=CC=C(C)O4)=N3)CC2)=N1,-3.043
HMQPEDMEOBLSQB-MKPFUTSWSA-N,CC(=O)N[C@@H]1[C@H](O)O[C@@H](CO)[C@@H](O)[C@@H]1O[C@@H]1O[C@@H](CO)[C@H](O)[C@H](O)[C@@H]1O,-0.421
XVPAXABLDFKCJC-UHFFFAOYSA-N,CCC1=CC=C(NC(=O)N2CCN(C3=CC=C(F)C=C3)CC2)C=C1,-4.314
OURWRKRFAJCZAV-UHFFFAOYSA-N,NC(CO)(CCC1=CC=C(C2=COC(C3=CC=C(C(F)(F)F)C=C3)=N2)C=C1)COP(=O)(O)O,-3.162
UGUJITSAGQQEAE-TUFLPTIASA-N,N=C(N)NCCC[C@H](NC(=O)[C@H](CO)NC(=O)CN(CC1=CC=CC=C1)C(=O)[C@H](CCCNC(=N)N)NC(=O)[C@@H](N)CCC(N)=O)C(=O)O,-1.869
UZLMCVVBXZXYOC-UHFFFAOYSA-N,COC1=CC(C(=O)NCC2=CN=C(OC3=CC=C4C(=C3)CCC(C3=CC=CC=C3)O4)S2)=CC=N1,-7.538
KQCOJENBTSCUBC-UHFFFAOYSA-N,C#CCN(C(=O)C1=CC=C(OC)C(OC2CCN(C(C)C)CC2)=C1)C1CCCCC1,-4.327
UIZSLXWPXZEQDK-UHFFFAOYSA-N,O=C1NC=C(SCC2=CC=CC=C2Cl)C=C1O,-3.964
CKWKFEUTCSGMTM-UHFFFAOYSA-N,O=C(CN1CCN(C2=CC=CC(C(F)(F)F)=C2)CC1)NC1=CC=C2C(=C1)OCCCO2,-4.194
HGXVOQYDMPTWTI-UHFFFAOYSA-N,CC1=NOC(C)=C1C(C1=CC=C(C(C)C)C=C1)N1CC[N+](C)(C)CC1,-2.142
QULUKOICHFEIJD-UHFFFAOYSA-N,O=C(CN1C(=O)SC2=CC=CC=C12)NCCOC1=CC=CC=C1F,-5.043
OKWNRLVXIVHVLV-DHZHZOJOSA-N,C/C(N)=C(/C#N)C(=O)COC(=O)C1=CC=C(O)C=C1,-2.546
VGOMSEQXNMIQQZ-UHFFFAOYSA-N,CC(=O)NC1=CC=CC(C2CCN(CCCN3C(C4=CC=C(Br)C=C4)=NC4=CC=CC=C34)CC2)=C1,-6.82
GYHZBYPKMNZJKG-UHFFFAOYSA-N,CSC1=CC=CC(NC(=O)NC2=CC=CC3=CC=C(O)C=C23)=C1,-5.953
HEMDRZGKIPPJAW-UHFFFAOYSA-N,CC(C)CN(CCCCC1=CC=CC=C1)C(=O)C(N)C(=O)NO,-2.032
PVHBNBZBXUWLBW-QFBILLFUSA-N,C=C1C(=O)O[C@H]2C3=C(C)C(OC(=O)C4=CC=CN=C4)=CC(C)=C3CC[C@@H]12,-5.496
NNRLZDQFBNPUON-QGOAFFKASA-N,O=[N+]([O-])C1=CC=CC(N/N=C/C2=CC=C(N3CCOCC3)C=C2)=C1,-5.175
JTMLSGGBBKYZLY-LEKXZLICSA-N,CC1=CC([C@H](N)C(F)(F)F)=NC=C1C1=CC=C2C=C(NC(=O)C3C[C@@H]3F)N=CC2=C1,-5.268
IKGBPSZWCRRUQS-QAHQDLQKSA-N,CC(=O)[C@@]1(O)[C@H](C)C[C@H]2[C@@H]3CCC4=CC(=O)C=C[C@]4(C)[C@@]3(F)[C@@H](O)C[C@]12C,-3.919
SJGMTSWAPUKQDL-UHFFFAOYSA-N,COC1=CC=C2N=C3C=C(Cl)C=CC3=C(NCCCN(CCCNC3=C4C(=NC5=CC(Cl)=CC=C35)C=CC(OC)=C4)CC3=CC=C(Br)O3)C2=C1,-6.9
MPONXFAKJYAZSY-UHFFFAOYSA-N,CC(=O)OC1=C(C)C=CC=C1C(=O)NC1=NC=C([N+](=O)[O-])S1,-5.22
JUDIQOBYRMCKQX-UHFFFAOYSA-N,CC1=NC=CC2=C1N(CCCCCCN1C3=CC(OC(C)C)=CC=C3C3=CC=NC(C)=C13)C1=CC(OC(C)C)=CC=C21,-8.401
SGJXCKCBCGRUQQ-UHFFFAOYSA-N,COC1=NC(C2=NN(CC3=CC=CC=C3F)C(C3=NOC=C3)=C2)=NC=C1F,-5.791
KHQQULAVVRIZOK-UHFFFAOYSA-N,CCN(CC)S(=O)(=O)C1=CC=C(C(=O)NCCCNC2=NS(=O)(=O)C3=CC=CC=C23)C=C1,-4.815
WUBPOBJNEUHUTE-UHFFFAOYSA-N,CC1=CC(=O)NC(=O)N1C1C=CC(OC(=O)C2=CC=CC=C2)C1,-4.203
ZKHMWPAAYBGYRT-UHFFFAOYSA-N,COCCCNS(=O)(=O)C1=CC=C(OC2=NC=C(C(F)(F)F)C=C2Cl)C=C1,-6.087
GWWIBRFSRCTQIQ-UHFFFAOYSA-N,COC1=CC=C(C(CNC(=O)C(C)OC2=CC=C(Br)C=C2)N2CCCC2)C=C1,-3.982
GLWIPFBFVQOOGK-UHFFFAOYSA-N,COC1=CC=CC(N2CCN(C(=O)C3=CC([N+](=O)[O-])=CC=C3N3CCOCC3)CC2)=C1,-4.702
HTYUTOAGQKZAEN-UHFFFAOYSA-N,O=[N+]([O-])C1=CC=C(OCC2CCN(CC3=CC=C(F)C=C3)CC2)C=C1,-4.947
MDRQEFUKIMUQFX-AIBWNMTMSA-N,CCC(C(=O)N[C@@H](CC(=O)O)C(=O)CNCN1CCC2=CC=CC=C2C1)N1C=CN=C(NCC2=NON=C2C)C1=O,-3.045
VJSAWYZVLZLFPP-UHFFFAOYSA-N,COC1CN(C(=O)C2=CC=C(C3=CC=C4N=C(C(C(=O)NCCS(N)(=O)=O)S(C)(=O)=O)SC4=C3)C=C2)C1,-3.934
WFIQHZHXONNEFZ-UHFFFAOYSA-N,CCC(CC)(CN)C(=O)N1CCOC(C)(C)C1,-1.261
JTZCTMAVMHRNTR-UHFFFAOYSA-N,CCCCCCCCSC(=O)OC1=CC(Cl)=NN=C1C1=CC=CC=C1,-6.944
YZLZNKMDLFOCFV-UHFFFAOYSA-N,COC(=O)C1=C(C)N=C(NC2=CC=CC=C2N2CC3(CCN(CC(C)(C)C)CC3)C3=CC=CC=C23)S1,-6.715
CSMOSYIFOGJHKG-UHFFFAOYSA-N,CC1=CC=C(C(=O)NC2=CC=C(CN3CCN(CCF)CC3)C(C(F)(F)F)=C2)C=C1C#CC1=CN=C2C=CC=CN12,-5.956
NCJIYHBOSUBXEC-UHFFFAOYSA-N,CN(C)CCCCOC1=CC=CC=C1CCC1=CC=CC(Cl)=C1.Cl,-4.158
YPTJNIBVBKYEEA-UHFFFAOYSA-N,O=C1OC2=CC(Br)=CC=C2C=C1C1=NC2=CC=CC=C2N1,-6.481
JJRKTSPBEWBPMR-CEXWTWQISA-N,CC(=O)N[C@@H](CC(C)C)C(=O)N[C@H](CC(C)C)C(=O)N[C@@H](C=O)CCC(=O)OC(C)(C)C,-3.486
BFDUSAWMNSFLSO-SUUZZYOJSA-N,CCNC(=O)N(CC)C[C@H]1N[C@@](CC)(C(=O)OC)[C@H]2C(=O)N(CC3=CC=CC=C3)C(=O)[C@@H]12.O=C(O)C(F)(F)F,-3.553
XFOWEKUCAOAHPD-UHFFFAOYSA-N,O=C(C(=O)N1CCN(C(=O)C2=CC=CC=C2)CC1)C1=CNC2=C(C3=CSC=C3)C=CC(F)=C12,-6.11
APSAKPVVAQGPPP-UHFFFAOYSA-N,CN(C)C1=CC=CC(OCC2CCN(CC3CC3)CC2)=C1.O,-2.344
KCKDFGFWZWHIMF-UHFFFAOYSA-N,O=C(COC1=CC=C(Cl)C=C1Br)N1CCN(C2=CC=CC=C2)CC1,-4.551
PUMGXQBGJAEZHJ-IEXUWNMDSA-N,O=[N+]([O-])[C@H]1[C@H](C2=CC=CC=C2Br)CCN(CC2=CC=CN=C2)[C@@H]1C1=CC=C2NC=NC2=C1,-5.663
QHHLWRWNHQXBKD-UHFFFAOYSA-N,COC1=CC=CC=C1CNC(=O)C1CCC(CNS(=O)(=O)C2=CC=CS2)CC1,-4.384
QBHPBZZFBDVFFR-UHFFFAOYSA-N,CNC(=O)CSC1=NC2=CC=C(NC(=O)C3=CC=C(Cl)C=C3)C=C2S1,-6.832
CWOOZDSAXNDAHB-GWNQARJWSA-N,CC(=O)C1=NN(CC(=O)N2[C@H](C(=O)NCC3CCCC(C(F)(F)F)C3)C[C@H]3C[C@@H]23)C2=CN=CC=C12,-4.792
BLJWZLWQWDOSMG-UHFFFAOYSA-N,CC1=CC=CN=C1C1=CC(OC2=CC=C(S(C)(=O)=O)C=C2)=CC(C(=O)NC2=NN(C)C=C2)=C1,-6.553
JOWZHWLQJUVEAC-UHFFFAOYSA-N,C1=CSC(C2=NC3=CC=C4NN=CC4=C3C3=C2CCCC3)=C1,-6.089
YDOWIMXOKOTLRG-UHFFFAOYSA-N,CC1=NNC=C1C1=CSC(NC2=CC=CC=N2)=N1,-3.87
RMYZFVAOIVUOKB-FQEVSTJZSA-N,CCCCCCCN1CCC(=O)N([C@H](CO)CC2=CC=CC=C2)CC1,-2.57
PBYSDJPXQGOXIM-UHFFFAOYSA-N,O=C(O)COC1=CC(CC2CCN(CCC3=CC=C4C(=C3)C(=O)C(O)CO4)CC2)=CC=C1Br,-4.472
XQHXUFTWMPGRPV-UHFFFAOYSA-N,N#CC1=C(N)OC2=NC=NC(O)=C2C1C1=CC=CS1,-3.682
PAKKKIKZKRULST-RUZDIDTESA-N,O=C1CC[C@](CCN2CC(N3CCC(F)CC3)C2)(C2=CC=C(Cl)C(Cl)=C2)CN1CC1CC1,-4.388
HLZVVLMUAFJYCR-ZJUUUORDSA-N,CC1(C)[C@H](C(=O)N=C(N)N)[C@H]1C1=CC(Cl)=CC=C1Cl,-3.782
GJVIERLLMILFBX-UHFFFAOYSA-N,CCN1C=NC2=C1C(=O)NC(=O)N2CC1=CC=C(CNS(=O)(=O)C2=CC=CC(C3=CC=CC=C3)=C2)C=C1,-5.969
DBXNGDMPZVOHPX-UHFFFAOYSA-N,FC1=CC=C(OC2=CC=C(C3=NC(NCCCN4C=CN=C4)=NC4=CC=CC=C34)C=C2)C=C1,-7.27
TXNDQRUHIVXZPC-UHFFFAOYSA-N,CCN(CC)C(=O)C1=CC(Cl)=CC(C)=C1NC(=O)C1CC(C2=CC=C(F)C=C2)=NO1,-6.411
FVSDFHKTRXNTNX-UHFFFAOYSA-N,COC1=CC=C(S(=O)(=O)N(CCC2=CC=CC=C2)CC(=O)O)C=C1Cl,-4.606
JJSJXYVOHHMPQN-AATRIKPKSA-N,CC1(C)OC(/C=C/C2=CC=CN=C2)=CC1=O,-2.234
IXXVOBKEHRSFMP-QGZVFWFLSA-N,CC[C@@H]1C(=O)N(C)C2=CN=C(N3C=CC4=CC(F)=CC=C34)N=C2N1C1CCCC1,-5.228
UNMPPPGEZMOFAY-UHFFFAOYSA-N,O=C1C2=CC=CC=C2N=C(CCC2=CNC3=CC=CC=C23)N1C1=CC=CC(Br)=C1,-7.863
DKNICMFSCPSEIP-UHFFFAOYSA-N,COC1=CC=C(C(=O)NC2=CC(C)=C(NC(=O)C3=CC=CC=N3)C=N2)C=C1,-5.892
JXYOTCLICONIGY-UHFFFAOYSA-N,CC1=C(F)C=CC=C1C(=O)NC1=CC=CC=N1,-3.733
YXUCGRIKEPQUEQ-ARDXYTESSA-N,C=C1C(=O)O[C@H]2[C@H]1CC/C(COC(=O)C1=CN(C)C3=CC=CC=C13)=C/CC[C@@]1(C)O[C@@H]21,-5.365
LPCVZVMPDVFMLI-UHFFFAOYSA-N,CC1=C(C2=NC3=CC(C(F)(F)F)=CC=C3N2C)C(C2=CC=C(Cl)C(Cl)=C2)N2N=CC=C2N1,-7.903
BYKSGIBZZYJFEU-UHFFFAOYSA-N,CC1=CC2=C(C=C1C1=CC=C(NCC3=C(F)C=CC=C3Cl)N=C1)OC(F)(F)O2,-7.389
ZMONKGJOFYGVRE-OHDFALRFSA-N,CC(=O)NC(C(=O)NCCCC(NC(=O)C1=CC2=CC=CC=C2N1)C(=O)N[C@H](CC1=CC=CC=C1)C(=O)N(C)CC1=CC=CC=C1)[C@@H](C)O,-4.399
BGJPJCPOUAXYOC-UHFFFAOYSA-N,CC1=CC=C(O)C(C(=O)C2=CN=CN=C2)=C1,-2.666
OCFACRWFEFGYDB-UHFFFAOYSA-N,OC1=CC=C(O)C(C2CCCCCCC2)=C1,-3.108
SEOZZTGAEFZRNA-UHFFFAOYSA-N,CC1=NN2C(=O)C=C(C3=CC=C(OC(C)C)C=C3)NC2=C1CC1=CC=C(Cl)C=C1,-8.181
UIFKHGUXZDWVGO-XAYSYOTPSA-N,C[C@@]12C(=O)N(C3=CC=CC(Br)=C3)C(=O)N1[C@H](C1=CC=C(Cl)C=C1)[C@@H]1C(=O)N(C3CCCCC3)C(=O)[C@H]21,-7.317
TVRDBPADUACMGY-UHFFFAOYSA-N,CCCCCCSC1=CC(C2=C(NCC3=CC=CC=C3)N3C(=N2)C=CC(C)=C3)=CC=C1OC.O=C(O)C(F)(F)F,-7.719
QDTUIHOOSMFIDM-UHFFFAOYSA-N,COC1=CC2=C(C=C1OC)C(CC(=O)O)CC2,-2.893
QOBGWWQAMAPULA-RLLQIKCJSA-N,CN(C)CCO[C@]1(C2=CC=CC=C2)C[C@H]2CC[C@]1(C)C2(C)C,-3.574
CHDGAVDQRSPBTA-UHFFFAOYSA-N,CCS(=O)(=O)OC1=CC=C2C(C)=C(C)C(=O)OC2=C1,-3.722
PEHIYOQUUMHTNJ-INIZCTEOSA-N,NC1=NC=NC2=C1N=C(SC1=CC3=C(C=C1Br)OCO3)N2CCC1CCN(C(=O)[C@@H]2CCCN2)CC1,-4.898
SVETZGCVGDLYIP-UHFFFAOYSA-N,CN(C)C1=CC=C(C#CC2=NC=NC(NC3CCCCC3)=C2C2=CC=C(Cl)C=C2)C=C1,-6.833
QHSJBEKEFQKRGE-UHFFFAOYSA-N,CC(=O)SCCSP(=O)(OCC1=C(O)C=C(N2C=C(C)C(=O)NC2=O)O1)OC1=C(CO)OC(N2C=C(C)C(=O)NC2=O)=C1,-5.238
GJLZZFMOTYNFTR-PKNBQFBNSA-N,CCN(C)C(=O)OC1=CC=CC(CCNC(=O)/C=C/C2=CC=C(O)C(OC)=C2)=C1,-3.942
PKQNMQSZDCVFLD-UHFFFAOYSA-N,CC1=NC=C(F)C=C1C1CCCN1C1=NC2=C(C(=O)NC3CCC3)C=NN2C=C1,-5.117
NOTHLVOFIJJGMM-UHFFFAOYSA-N,COC1=CC=C2C=CC=C(CCNC(=O)C3CN(C(=O)C4=CC=NC=C4Cl)C3)C2=C1,-4.661
OYUPEYJGGPSRJI-UHFFFAOYSA-N,CN1CCN(CC2=CC=C(C(=O)NN(C3=NC(C#N)=NC=C3Br)C3CCOCC3)C=C2)CC1,-3.693
NEEOLTLKERUGGM-UHFFFAOYSA-N,CC1=CC=C(OCCOCCN(C)C)C(Cl)=C1.O=C(O)C(=O)O,-2.09
QMMLHHLWVXDIKW-UHFFFAOYSA-N,CC1=CC=C2C(NCC3=CC=C(NC(=O)C4CCN(CC5=CC=C(F)C=C5F)CC4)C=C3)=NC(N(C)C)=NC2=C1,-6.806
RDHKGHQJVMOWRC-UHFFFAOYSA-N,O=C(O)CCN1C=C(C2=CC=C3C(=C2)C(O)(C(F)(F)F)C2=CC=CC(CO)=C32)C=N1,-3.863
JGTHUDHDZLHWCK-UHFFFAOYSA-N,CCOCCCNC(=O)C1CCN(S(=O)(=O)N2CCCC2)CC1,-1.681
ZJVCOZGAILQSJE-BMRFZXAMSA-N,CC(=O)/C=C/[C@H](CCC1=CC=CC=C1)NC(=O)[C@H](CC1=CC=CC=C1)NC(=O)N1CCOCC1,-3.991
YKRJYBLIPVQHIC-UHFFFAOYSA-N,O=C(O)C1=CC=C(NC(=O)C2=CC3=CC(Br)=CC(Br)=C3OC2=O)C=C1,-6.278
UGODZDORNQOVFI-UHFFFAOYSA-N,CC1=NC2=CC(C3=CC=CS3)=NN2C(NCC(C)(C)CN(C)C)=C1C,-4.317
JVYPBTFUSNVQST-WISKXVKBSA-N,CC(C)C[C@H]1CNC(=S)N1C[C@H]1CCCN1C[C@H](CC1=CC=C(O)C=C1)N1C[C@H](CC2=CC=CC=C2)N(CCC2=CC=CC=C2)C1=S,-6.466
YTJHJFNOCXBJFN-UHFFFAOYSA-N,CN(C)CCCN1CCCC2=CC(NC(=N)C3=CC=CS3)=CC=C12,-3.188
GVOGABPGKFWBNS-LLSZRQSJSA-N,CCCCC1=CN(CC/N=C2\C[C@H]3CC[C@]2(C)C3(C)C)N=N1,-4.918
QHIXZDPZNKHNBX-JKSUJKDBSA-N,COC1=CC=CC([C@H]2OC3=CC(O)=CC(O)=C3C(=O)[C@@H]2O)=C1,-3.544
IYKQEQLCCONZGW-UHFFFAOYSA-N,CCOCCC(=O)N1CCC2(CCNCC2CO)CC1,-1.106
AIZTYZRNBCCRMR-UHFFFAOYSA-N,OC1=CC=C(CC2=NN=C3C=CC(C4=CC=CC=C4)=CN23)C=C1,-5.08
WYIXGZUDGCSVKP-UHFFFAOYSA-N,COC1=CC(OCC2=C(C)SC(C3=CC=NC(F)=C3)=N2)=C2C=C(C3=CN4N=C(C)C=CC4=N3)OC2=C1,-8.667
RGWGQAIGACORTH-UHFFFAOYSA-N,CCC(=O)NN1C=NC2=C(C1=O)C1(CCCCC1)CC1=CC=CC=C21,-5.313
DKNPRPFGGWHHMX-UHFFFAOYSA-N,CCNC(=O)C1=CC=CC(NC(=O)CCC(=O)C2=CC(C)=CC=C2C)=C1,-5.171
WFDVOZUFGQXBMN-GICOJTESSA-N,C/C(=C1/CCOC1=O)[C@@H](O)[C@@H]1OCC[C@@H](O)[C@H]1O,-0.831
KCJPHIFGAYCDQF-UHFFFAOYSA-N,COC1=CC=C(OC)C(CNC2=NC=C(C3=CC=C(F)C=C3)N2C)=C1,-5.951
AIMJDSLMZCDDNT-BXUZGUMPSA-N,CC[C@@]1(O)CCN(C(=O)C2=CC=CN=C2OC)C[C@H]1O,-1.595
SKAYGFFLRFARDX-OZIXAUCHSA-N,O=C(OC[C@]1(C2=CC=CC=C2)CC[C@H](N2CCC(C3=CC=C(F)C=C3)CC2)CC1)C1=CC(C(F)(F)F)=CC(C(F)(F)F)=C1,-7.9
MZEJDMPWCOAAGT-UHFFFAOYSA-N,C1=CC=C(NCCNC2=NC3=C(C4=CC=C5C=CC=CC5=C4)C=NN3C=C2)C=C1,-7.053
RTMDCQYUXWCPQG-UHFFFAOYSA-N,CCN1SC2=CC=CC=C2C1=O,-2.064
GIZYIOOBBUHOBS-UHFFFAOYSA-N,N#CC1=CC=C(C(=O)N2CCC3(CC2)N=C(N)C2=C(F)C=CC(F)=C2N3)C=N1,-5.255
OSPSRUWHYMZFBP-UHFFFAOYSA-N,OC(CCCN1CCC2=C(C3=CC(F)=CC=C3N2C2=CC=C(F)C=C2)C1)C1=CC=CC(C(F)(F)F)=C1,-6.214
YCCIEQLSDVGOIO-ULKRLTICSA-N,C=C1C(C)CO[C@@]12C[C@@H](C)[C@H]1[C@H](C[C@@]3(C)[C@@H]4CC[C@H]5[C@](C)(C(=O)O)[C@@H](O)CC[C@@]56C[C@@]46CC[C@]13C)O2,-6.13
XJWJQDZWUYUIEM-UHFFFAOYSA-N,NCCCN1C2=CC=CC=C2CCC2=CC=CC=C12,-3.174
PPJVCMCRSKLLKO-OEAKJJBVSA-N,C/C(=N\NC(=O)C1=CC=CC(S(=O)(=O)N2CCOCC2)=C1)C1=CC=C(OC(F)F)C=C1,-5.411
BSEVBDOXBOJIQR-OCSSWDANSA-N,CC1=CC=C(CC2=NN(CC(=O)N/N=C/C3=CC=CN3)C(=O)N2CCC2=CNC3=CC=CC=C23)C=C1,-6.582
ORLARZUHOHSRIB-UHFFFAOYSA-N,CCCCCCC(=O)NC1=C2C(=NC3=CC=CC=C13)N(C)CC2,-4.793
BIZPODKYIXENDL-UHFFFAOYSA-N,CC(CN1C=CC=N1)N1C=NC2=CC=CC(F)=C2C1=O,-2.858
HOANBKZKJUWEFS-NEBGFLKFSA-N,O=C(N[C@@H]1O[C@H](CO)[C@@H](O)[C@H](O)[C@H]1O)C1=C(Br)C=CS1,-1.479
YLDWEHIXIVHXFW-QLBRXNFHSA-N,COC1=CC=CC=C1NS(=O)(=O)C1=CC=C(N/N=C/C=C/C2=CC=CC=C2[N+](=O)[O-])C([N+](=O)[O-])=C1,-5.578
QNISRMHWDPVSJV-UHFFFAOYSA-N,COC1=CC(C2=NNC=C2C2=CC=C(OCC3=CC=CC=C3)C=C2)=CC(OC)=C1OC,-6.441
GBGOLZBCTGKYRE-UHFFFAOYSA-N,CCCCCCOC(=O)NC1=CC=C(NCC2=CC=C(F)C=C2)N=C1N,-5.564
FHFKPIMNMYCUIH-UHFFFAOYSA-N,CCN(CC)CC.NC1=NC(=O)N(C2C=CC(COP(=O)(O)OP(=O)(O)OP(=O)(O)O)C2)C=C1F,-1.371
LTAQEJVORRDKTA-UHFFFAOYSA-N,CCOC(=O)C1CC(=O)C=C(OC(=O)C2CC2)C1,-2.244
XSSKMYAGAJTGCW-STPXIVCJSA-N,COC(=O)N[C@@H]1CC[C@@]2(C)C(=CC[C@H]3[C@@H]4CC=C(N5C=CN=C5)[C@@]4(C)CC[C@H]23)C1,-5.127
JDADEROVQGCQQJ-GFCCVEGCSA-N,N[C@H](CC1=CC(Cl)=C(Cl)C(C2=CN=CC(O)=C2)=C1)C(=O)O,-3.253
ARUDRDZEAIFFFO-UHFFFAOYSA-N,CCC(C)(NCC(=O)NC(=O)NC)C1=NC=CS1,-1.754
PITZTJMRXGGMPN-UHFFFAOYSA-N,CCN(CC)CCOC1=CC2=C(C=CC(=O)O2)C=C1OC,-2.891
MBNLMEFDTDUAQC-UHFFFAOYSA-N,CC1=NN(C(C)C(=O)N2CCC3=CC=CC=C23)C(C)=C1[N+](=O)[O-],-4.498
ZPPBDGWUMMNKPL-UHFFFAOYSA-N,C=C1C(=O)OCC1C(O)C1=CN(CC2=CC=C(Cl)C(Cl)=C2)C2=CC=CC=C12,-5.35
KTKFYAKLGPAHKA-UHFFFAOYSA-N,CN(C)C1=NC2=CC(N3C=NC4=C(SC(C5=CC=C(Cl)C=C5)=C4)C3=O)=CC=C2N1C,-7.068
MQAGWJGGLKPBSC-UHFFFAOYSA-N,N#[N+]C1=CC=CC(S(=O)(=O)[O-])=C1,-0.254
RHBJVFYWXNXPEB-UHFFFAOYSA-N,CC1=C(C(=O)NC2=CC=CC=C2)C2(CCCCC2)C(C#N)=C(SCC(N)=O)N1,-4.994
FUMFERFWSZGVIW-NGDVZMDKSA-N,NC1=NC=C(C2=CC([C@@H]3[C@H]4CN(C5COC5)C[C@@H]34)=NC(N3CC4CC3C4)=N2)C=N1,-3.12
JGOAZQAXRONCCI-SDNWHVSQSA-N,C(=N/NC1=CC=CC=C1)\C1=CC=CC=C1,-3.143
WQIORBDAXGTWNE-UHFFFAOYSA-N,COC1=CC=C(C(=O)COC(=O)CNC(=O)C2=CC=CS2)C=C1Br,-4.715
YFAWYXOUAYXLDT-UHFFFAOYSA-N,CCC1=C(C)SC(NC(=O)C2=CC=C(C)C=C2)=C1C(=O)OC(C)(C)C,-6.799
XZBOLNHKGZOWEI-UHFFFAOYSA-N,CC1=C(C(=O)N2CCC(C3=NC(C#N)=CS3)CC2)C=NN1C1=NC2=C(C(=O)N1)CCC2,-5.339
PTOCNKSXDLHDSI-UHFFFAOYSA-N,CN(N=O)C1=CC=CC=C1O,-1.315
LXEAMSGDMHPGRJ-UHFFFAOYSA-N,CC1(C)CCCC(C2=CC=C(Cl)C=C2)=C1CN1CCN(C2=CC=C(C(=O)NS(=O)(=O)C3=CC=C(NCC4CCOCC4)C([N+](=O)[O-])=C3)C(OC3=CN=C4NC=CC4=C3)=C2)CC1,-7.32
WXJVTKCKFVWMGE-UHFFFAOYSA-N,CN1C(SCC(N)=O)=NN=C1C1=CC=C(S(=O)(=O)N2CCCC2)C=C1,-3.308
BFEFHAHFFFXJIT-FOKLQQMPSA-N,CCO/N=C1\CC(N)CN(C2=NC3=C(C=C2F)C(=O)C(C(=O)O)=CN3C2CC2)C1,-3.603
INQANWBOIDMWHI-NRFANRHFSA-N,CC1=CC=CC(N/C(=N\C(=O)C2=C(C)N=C(C)S2)N[C@H]2CCCCN(CC(=O)N3CCCC3)C2=O)=C1,-5.441
SRNBPLVNLYRSLY-GFCCVEGCSA-N,C[C@@H]1CN2C(=NN=C2C(F)(F)F)CN1C(=O)C1=CC=CC(C(F)(F)C2=NNC(=O)C3=CC=CC=C23)=C1,-6.781
QNKOKCUOLJOQDF-UHFFFAOYSA-N,O=C(CSC1=NC2=CN=C(Cl)N=C2N1C1=CC=C(C2CC2)C2=CC=CC=C12)NC1=CC=C(C(F)(F)F)C=C1,-8.594
IWGYBCBNNDUSLE-UHFFFAOYSA-N,COC1=CC=C(CNC(=O)C2=CC=C(C3=NC(CSC4=CC=CC=C4)=C(C)O3)C=C2)C=C1OC,-7.133
CMZVXOQOJGOXSB-UHFFFAOYSA-N,COCCOC1=CC=CC=C1C1C(C(=O)C(C)(C)C)C(=O)C(=O)N1C1=CC=C(C2=COC=C2)C=C1,-6.024
NJESGTKAAQYDNZ-UHFFFAOYSA-N,O=C(NCCCN1CCOCC1)C1=CC=C(Br)S1,-2.116
MILFXDLBQWNWQW-CYBMUJFWSA-N,CCC1=CC=C(S(=O)(=O)N2CC[C@@H](N)C2)C=C1CC,-2.469
JASCOAPMRJUIMY-WOJBJXKFSA-N,CC1=NC([C@](C)(O)C#CC2=CC=C3C(=C2)C2=C(SC(C(N)=O)=N2)[C@](C)(F)CO3)=NO1,-4.732
PYHQRWGUQOENPZ-UHFFFAOYSA-N,CCOC1=CC=CC=C1C=C1C2=CC=CC=C2C(=O)C2=CC=CC=C12,-7.606
UPXUTRFDGOIDJI-UHFFFAOYSA-N,O=C(O)C(F)(F)F.C1=CC(CNCC2CN3N=NC=C3CO2)=CO1,-1.966
LWZPTPFCZNCGBD-UHFFFAOYSA-N,COC1=CC=CC(CNC(=O)C2=CC=C(N3CCOCC3)C([N+](=O)[O-])=C2)=C1,-4.263
YKYSWSVDOCPYKZ-UHFFFAOYSA-N,CC1=CC=C(C)C2=C1C=C(C)C1=NN=C(SCC(=O)NC3=NC4=C(S3)CCCC4)N21,-7.461
DYEBQBWYGSPVPH-UHFFFAOYSA-N,O=C(NCCCCCCNC(=O)C1=CC=CC=C1)C1=CC=CC=C1,-3.87
ZKQKWXGNOYDRHH-UHFFFAOYSA-N,O=C(CC1=CC(Cl)=CC=C1O)NC1=CC=C([N+](=O)[O-])C=C1Cl,-5.276
AGIUPQUTLBAVDK-UHFFFAOYSA-N,CC(C)(C)OC(=O)NCCCCN(CCCN)C(=O)OC(C)(C)C,-2.198
YQUMUENGLFKEDT-UHFFFAOYSA-N,COC1=CC=CC=C1C1=NN=C(C2=CC=C(C(=O)NNS(=O)(=O)C3=CC(Cl)=C(Cl)C=C3Cl)C=C2)O1,-7.707
CMMNPBHEUAWBPK-UHFFFAOYSA-N,COC1=CC=C(NC(=O)C2=C(N)C3=CC=C(C4=CC=CN=C4)N=C3S2)C=C1OC,-6.915
CFUYGGPBOBIHRG-UHFFFAOYSA-N,O=C(C(=O)N1CCC2=CC=CC=C12)C1=CNC2=CC=CC=C12,-4.912
OJXIQJYPVLRDEZ-KRWDZBQOSA-N,COC1=CC=C(OC2CCN(C(=O)[C@@H](N)CC3=CNC=N3)CC2)C=C1,-2.271
AVMNJGDJGHSQDP-UHFFFAOYSA-N,CC(C)(C)C(=O)OC1=COC(CSC2=NC3=CC(C(=O)O)=CC=C3O2)=CC1=O,-5.02
PURMTHHDJDASBS-UHFFFAOYSA-N,N#CC1=CC(F)=CC(C2=NC(C3=CC=CC=N3)=CO2)=C1,-4.994
SRJGIPQKULJJRH-UHFFFAOYSA-N,N#CC1=NC=CC=C1CN1C=CN=C1,-1.493
OKVXWLFRHOXZPA-UHFFFAOYSA-N,O=C(OC1=CC=CC=C1)N1C(=O)NC=C(F)C1=O,-3.825
IPFWHVBSLPSAGT-CBJLPSGESA-N,O=C(NCCC1=CC=C(Cl)C=C1Cl)[C@@H]1[C@@H]2C=C[C@H]([C@H]1C(=O)NCCCCN1CCCC1)C21CC1,-4.742
AZKYYOXBOPFROK-UHFFFAOYSA-N,O=C(CSC1=NC2=CC=CC=C2N=C1C1=CC=CC=C1)N1CCCCCC1,-5.534
MHJNFKIKTUBIBH-UHFFFAOYSA-N,CC1=NC2=C(C)C(C)=NN2C(N2CCC(N3CCOCC3)C2)=C1,-2.425
XCDQISLHKSKFLH-PWCZCSLDSA-N,CC1=C[C@H]2CC3=C(C=CC(=O)N3)[C@@]3(C1)[C@@H]2CCCN3C(=O)CCN(C)CCCCCCCCN(C)CCC(=O)N1CCC[C@@H]2[C@H]3C=C(C)C[C@@]12C1=C(NC(=O)C=C1)C3,-6.258
VTSKDSWGAIIDJV-UHFFFAOYSA-N,O=C1NC2=CC=C(C3=NN=C(NCC4=CC=C(C(F)(F)F)C=C4)SC3)C=C2N1,-7.038
HXROWJFHWUQPAL-NXLLHMKUSA-N,O=C(/C=C/C1=CC=C(OS(=O)(=O)O)C(OS(=O)(=O)O)=C1)O[C@@H]1C[C@](OS(=O)(=O)O)(C(=O)O)C[C@@H](OS(=O)(=O)O)[C@H]1OS(=O)(=O)O,-2.069
KEPCRQPBSHAPNH-UHFFFAOYSA-N,COC1=C(Cl)C=C(Cl)C(O)=C1C(=O)NCCN1CCN(C2=CC=CC=C2)CC1,-3.293
AEZXGOOZIUWETC-RIYZIHGNSA-N,CCOC(=O)C1=C(/N=C/N(C)C)SC2=C1CCC2,-2.872
QOKWAMNOBLWSAD-TWRBBEJXSA-N,C=C(C)[C@@H](CC)CN1CC[C@H](CNC(=O)C2=CC=C3C=C(Cl)C=CC3=C2)N[C@H](CCN2CCCCC2)C1=O,-4.452
LPHDIQKURFDTPO-UHFFFAOYSA-N,NC1CN(C2=CC=NC=C2NC2=NC=C3C=CC(C4=C(F)C=CC=C4F)=NN23)CCC1F,-5.361
UPWIXROBQHXMSV-UHFFFAOYSA-N,CC1=CC(=O)N(C2=NN(C)C=C2)C1=O,-1.283
ZDCBSMGNORWPAE-UHFFFAOYSA-N,COC1=CC(N2C3=C(C4=NC=NC(N)=C24)CCC3)=CC=C1NC(=O)CN1C=C(C(F)(F)F)N=C1C,-6.674
XXTKRPLVXDVTJR-UHFFFAOYSA-N,N#CC1=CN=C(SCC(=O)N2CCCCC2)N=C1N,-2.794
VOEAFQUTYKPXBM-DFHRPNOPSA-N,C[C@@H](OC(=O)COCC1=CC=CC=C1)[C@H](NC(=O)C1=CC=CC=N1)C(=O)NCCCC(=O)OCC1=CC=CC=C1,-4.458
LJFHNQVYXLXWBM-UHFFFAOYSA-N,O=C(NC1=CC=CC(C2=NN3N=CC=CC3=C2C2=CC=NC(NC3=CC=CC(C(F)(F)F)=C3)=N2)=C1)C1=C(F)C=CC=C1F,-8.447
AYKPYAOQPANRFS-UHFFFAOYSA-N,COC1=CC=C(COC2=CC=C(CN3C=NC4=CC(C5=NOC(C6CCNCC6)=N5)=CC=C34)C=C2OC)C=N1,-5.698
MDYPEKYXGSHXAG-UHFFFAOYSA-N,CCOC1=C2CN(S(=O)(=O)C3=CC=C(C)C=C3)C(C3=CC=CC(Cl)=C3)CC2NC(C2=CC=CC=C2)C1,-6.463
IQEPXEFPEIYIJA-UHFFFAOYSA-N,CCN1N=C(C(=O)NC2=NCCS2)C2=CC=CC=C2C1=O,-3.736
MDXHAAVALMQUQH-KRWDZBQOSA-N,CC(=O)NC1=CC(N2CCC[C@H]2COC2=CC=CC=N2)=NC(N2N=C(C)C=C2C)=N1,-5.062
IQBOGHOYAOXFPO-UHFFFAOYSA-N,CC1=NN(C2=CC=C(NCCNC(=O)C3=CC=C(Br)O3)N=N2)C=C1,-4.691
HKYCNLVYXPSQOZ-UHFFFAOYSA-N,CCOC(=O)C1=C(NCC2=CC=CC=C2)N=C(C2=CC=CC=C2)N2CCN=C12,-4.902
IJLCHNCPLHHMNB-UHFFFAOYSA-N,CC(=O)NCCNC(=O)C1=NN(C)C2=C1COC1=CC=CC=C21,-3.018
UOVONACJLHZOCD-XBXARRHUSA-N,ClC1=CC=C(CN(CC/C=C/C2=CC=CC=C2)N2C=NC=N2)C(Cl)=C1,-5.868
WQKUVKYSJGFULB-UHFFFAOYSA-N,COC1=CC2=C(C(C)=C(CC(=O)NCCC3=CC=CC=C3F)C(=O)O2)C=C1OC,-5.725
JCZPOYAMKJFOLA-IMJSIDKUSA-N,O[C@H]1CNC[C@@H]1O,0.776
WERKLXJPXQLJPJ-UHFFFAOYSA-N,C=CCN1C(C2=CC=CC=C2)=CC=C(C#N)C1=O,-3.603
HVKYWOIKINNFPD-UHFFFAOYSA-N,CC1CCCN1C1=CC=C2N=CC=CC2=C1,-2.744
SRVYWMPHAPBHFJ-UHFFFAOYSA-N,CC(C)(C)OC(=O)NCC1=CC=C2C(C3=CC=C(F)C=C3)=CC(C(N)=O)=NC2=C1,-5.716
WWOMIMPYEWXPPS-UHFFFAOYSA-N,CCOC(=O)CC1=CC=C(N(CC)CC2=NC3=CC(C(F)(F)F)=CC=C3N=C2C2=CC=CC=C2)C=C1,-8.09
GACRXNRSYVNZIM-UHFFFAOYSA-N,O=C(NC1=CC=CC(Cl)=C1)NC(CCC(=O)N1CCN(C2=NSC3=CC=CC=C23)CC1)C(=O)N1CCN(C2=NSC3=CC=CC=C23)CC1,-6.297
XSRVHCLDEUYBHD-UHFFFAOYSA-M,C[N+]1=CC=CC(N(CCCCCC2CCCCC2)C2=CC=C(C#N)C=C2)=C1.[I-],-2.015
SFMBZXLPYFCTAU-RMDVGAJOSA-N,CC(=O)N1[C@@H]2C3=CC=C(/C=C/C4=CC=CC=C4)C(=O)N3C[C@H]1[C@H](CO)[C@H]2C(=O)N(C)C,-3.266
MNZZTNNRXMEJSU-DZJGSNNOSA-N,C[C@H](C1=CC=C(C(=O)NCCC(=O)O)C=C1)N1C(=O)C(C2=CC=CC(F)=C2)=N[C@]12CC[C@@H](C(C)(C)C)CC2,-5.882
QTLPNFZRBVSFGU-XMMPIXPASA-N,COC(=O)[C@H](NC(=O)C1=CC(C2=CC=CC=C2)=NC2=CC=CC=C12)C1=CC=C(OC)C=C1,-6.45
DWUXOADNYZZIEE-UHFFFAOYSA-N,CC1=CC=CC(N2C(=O)N(C3=CC=CC=C3C)C3CS(=O)(=O)CC23)=C1,-4.565
OVVCFROULCDNBD-UHFFFAOYSA-N,O=C(CCC1CCCN(C(=O)C2=CC3=CC=CC=C3O2)C1)NCC1=CC=C(F)C(F)=C1,-5.504
OOWGEGYPCQGHJZ-UHFFFAOYSA-N,OCCNC1=CN=CC(C2=CC3=C(C=N2)C=NN3C2=CC=CC(N3CCNCC3)=N2)=N1,-3.131
SOYRBJOZZUIORF-UHFFFAOYSA-N,CC1=CC=C(N2C(SCC(=O)NC3=CC=C(S(=O)(=O)NC(=O)NC4=CC=CC=C4)C=C3)=NC3=CC=CC=C3C2=O)C=C1,-7.742
CXMVMWOAQBDGKE-UHFFFAOYSA-N,CCOC(=O)C1=C(NC(=O)C2=C(N(C)C)N=C(NC3=CC=CC=C3)S2)SC2=C1CCCC2,-7.428
HLLKPHMFUJARJP-ZEMFGHSESA-N,N[C@H](C(=O)N[C@H]1CCC(=O)N(CC(=O)O)C1=O)C1CCCN1,-1.032
YYUUAXZMRDLMNI-UHFFFAOYSA-N,CCOC(=O)C1=C(C)N(CC2=CC=CC=C2)C2=CC=C(OCC(O)CN3CCN(CC4=CC=CC=C4)CC3)C=C12,-4.336
BSMXFTMXLBAWBV-HYARGMPZSA-N,CC1=CC=C(CS(=O)(=O)/C(=C/C2=CC=C(Cl)C=C2)C(=O)C2=CC=C(Cl)C=C2)C=C1,-7.198
CKYVVFHKUHKNAC-WJFTUGDTSA-N,CC(C)(CN)CNC(=O)[C@H]1[C@H](C(=O)NCC2=CC=C(Br)C=C2)[C@@H]2C=C[C@H]1C21CC1,-3.734
RRGGUNBHDQHVMD-UHFFFAOYSA-N,CC1=NC2=C(C3=C(S2)C(NCC2=CC=CC=C2)=NN3C)C(C)=C1Cl,-6.644
KKPZLFALOZLDOU-DOTOQJQBSA-N,NC(=O)[C@@H]1OC(=O)N2C3=CC=C(C4=CC=C(CN5C=NC=N5)N=C4)C=C3OC[C@@H]12,-3.828
HNXZQKZCCDWHKO-UHFFFAOYSA-N,CC1(C)CC(C)(C)C2=CC(N/C(S)=N/C3=CC=C(S(N)(=O)=O)C=C3)=CC=C2S1,-4.088
GOOKOBTYBFHEOR-UHFFFAOYSA-N,CC1=NC2=CC=CC=C2C(C2=CC=CC(Cl)=C2)=C1C(OC(C)(C)C)C(=O)O,-6.444
FRJXMHKQNDNFBV-BZSXFTBESA-N,CC1=C(C)[C@@]2(C[C@@H](C)[C@H]3[C@H](C[C@@]4(C)C5=CC=C(C(C)(C)/C=C/C(=O)O)C(C)=C5C(=O)C[C@]34C)O2)OC1=O,-6.999
XATHNMIETPXGFE-UHFFFAOYSA-N,CCCN1C=CC(NC(=O)C2=CC=C3N=C(C(O)(C4=CC=CC=C4)C4=CC=CC=C4)N(CC)C3=C2)=N1,-5.895
XTFONEFLPIUPRW-UHFFFAOYSA-N,O=C(NCC(C1=CC=CN=C1)N1CCN(C2=CC=C(F)C=C2)CC1)C1CCCCC1,-3.354
MKNBYEROSHNHBQ-KVSWJAHQSA-N,COC1=CC(/C=N/NC(=O)C2=CC=C(C(F)(F)F)N=C2NC2=CC=C(Cl)C=C2)=CC(OC)=C1OC,-8.106
OHSXMGUTKUWAOC-VUTHCHCSSA-N,O=C(O)C1CCCN(CCN/N=C/C2=CC=CC=C2C2=CC=CC=C2C2=CC=CC=C2)C1,-4.877
HBGLDUCFHGGDAB-UHFFFAOYSA-M,FC1=CC=CC2=C1C1=C(F)C=CC=C1[I+]2.O=S(=O)([O-])C(F)(F)F,-2.213
CMLUQWKVHHCXOP-UHFFFAOYSA-N,C=CCCCCCCCCC1=NN=C(NC2=CC=CC=C2)S1,-6.235
NNKGFSWETFSILT-IUXPMGMMSA-N,COC1=CC=C(C2=CC=C3C(=C2)O/C(=C\C2=CSC=C2)C3=O)C=N1,-6.906
GBOWSHXBCIUEIK-NDHUZOIRSA-N,NC[C@H]1CC[C@H](CNC(=O)C2=C3C(=NC=C2)N=C(C2CC4CCC2C4)N3)CC1,-4.081
RGDNWCIHGZTXBD-HSZRJFAPSA-N,CC1=CC(CN2CCCC[C@@H]2CO)=CC=C1C(=O)CN1C=CC(OCC2=CC=C(Br)C=N2)=CC1=O,-4.952
CWTIJSIEKPIMMM-UHFFFAOYSA-N,COC1=CC=C2C(=O)C(C(=O)OCCCCCCN(C)C)=C(C3=CC=CC(OC4=CC=CC=C4)=C3)NC2=C1,-6.568
ZNZNICRHPGQPCX-UHFFFAOYSA-N,C=CCN1C(=O)NC2(CCCCC2)C1=O,-1.749
FTAGWUVDJCQRGR-TWOPAUOSSA-N,CO/N=C(\CC1=CC(Br)=C(OC)C(Br)=C1)C(=O)NCCNCCNC(=O)/C(CC1=CC(Br)=C(OC)C(Br)=C1)=N/OC,-4.184
DTJUKPBRMFXSOX-ZBZXEDRXSA-N,C[C@@H]1O[C@H](OCC2=CC=C3C(=C2O)C(=O)C2=CC=CC=C2C3=O)C[C@@H](N(C)C)[C@@H]1O,-3.344
JZBDYCMBOWBSIO-UHFFFAOYSA-N,COC1=CC=C(CN2CCCC(N3C=C(C(=O)NC4CCCC4)N=N3)C2)C(O)=C1,-3.166
UPNZNUZWFKDCQK-UHFFFAOYSA-N,CCOP(=O)(OCC)C(=O)OC1=CC=C(Cl)C=C1,-2.708
TZOFMWSBWHEPLQ-UHFFFAOYSA-N,N#CC1(NC(=O)C2=NC=CC3=CC=CC=C23)CCC1,-3.845
ABAGTJARVQFMJH-UHFFFAOYSA-N,COC1=CC=C(C2=NN=C3SC(C(C)N4C(=O)C5=CC=CC=C5C4=O)=NN23)C=C1,-6.163
KAFILMATCGJLAJ-DOMZBBRYSA-N,COCC1=C(C2=CC(F)=CC(F)=C2)N(C)N=C1CN[C@H]1CC[C@@H](F)C1,-3.954
XGVQHNUPYYISQD-UHFFFAOYSA-N,CC1=CC=CC(C(=O)N2CCN(C3=CC=C(C(F)(F)F)C=N3)CC2)=C1C,-4.338
JOXPQBJMQDIKTQ-UHFFFAOYSA-N,CC1=NC(N2CCC3(CCCN(CCO)C3=O)C2)=C2SC=CC2=N1,-2.731
LNDNDPVHCBVFLU-UHFFFAOYSA-N,O=C(O)CCCCCCCCCCCCCCCNC(=O)NC1=CC=C(F)C=C1,-5.686
ICAGRINJJFYTOB-UHFFFAOYSA-N,NC1=NNC2=CC=CC(C3=CC=C(NC(=O)C4CCCCC4)C=C3)=C12,-5.682
KICMPUHGBLNMCN-UHFFFAOYSA-N,CNCC(=O)NC1=CC=C(OC(F)(F)F)C=C1.Cl,-2.259
QGHLEPZBTTVHGJ-UHFFFAOYSA-N,N=C(N)NCCCC(NC(=O)C(C1=CC=CC=C1)C1=CC=C(Cl)C=C1)C(=O)N1CCCC2=CC=CC=C2C1,-4.942
QRKNYINSBXBIGH-UHFFFAOYSA-N,COC1=CC=CC=C1CN=C(S)NC1=CC=C(S(N)(=O)=O)C=C1,-3.29
JOWKQUOOCIUAMD-UHFFFAOYSA-N,CC(C)(C)CC(=O)N1CCC(N2N=CC3=C(OC4=CC=C(S(C)(=O)=O)C=C4)N=CN=C23)CC1,-4.928
RXZULUQRGUAOLG-OCDBVANQSA-N,O=C(O)CC/C=C\C/C=C\C[C@@H](O)/C=C/C=C/C=C\[C@@H](O)C/C=C\CCO,-3.607
NXXVJKXSPBXVLO-UHFFFAOYSA-N,CN(CC1=CC=C2C=NNC2=C1)C(=O)CCC1=CC=CC(C2=NC3=C(N)N=CN=C3N2)=C1,-5.569
MVQYAJKJFLZDIV-UHFFFAOYSA-N,CC1(C)CC(CCN(CC2=CC=CC=C2)C(=O)C2=CC=CO2)(C2=CC=CC=C2)CCO1,-5.277
KFKWUTRXPAZYNN-UHFFFAOYSA-N,COC1=CC=CC=C1NC(=O)CN1C(=O)C2(OCCCO2)C2=CC=CC=C12,-4.107
DDQLILOXSNJTQV-UHFFFAOYSA-M,CCCCCCOC1=C(OC)C=C(C(=O)OC2=CC=CC=C2CC[N+](C)(C)C)C=C1OC.[I-],-1.633
NMDBMKMFARAOPP-ATANMQQVSA-N,CC[C@]1(C(=O)O)CC[C@H](C(=O)N2CC[C@](C3=CC=C(C(F)(C(F)(F)F)C(F)(F)F)C=C3)(S(=O)(=O)C3=CC=C(F)C=C3)C2)CC1,-6.925
RBFHCAHIEQNMRT-UHFFFAOYSA-N,O=C1NC2=CC=CC=C2N1CCCCN1CCN(C2=CC=CC=C2)CC1,-3.405
RGIOVRFPHGJDBR-UHFFFAOYSA-M,CCCC[N+](C)(C)CC1=CC2=C3C(=CC=C2)C=CC=C3C1=O.[Cl-],-0.903
UGKOGWUDRSXQOZ-MJTSIZKDSA-N,C=C1C(=O)OC[C@H]1C(C1=CC(OC)=C(O)C(OC)=C1)C1=CC(OC)=C2C(=C1)OCO2,-5.269
ZQYHBNRTJLLJDT-FTJBHMTQSA-N,CCOC(=O)[C@H](CC1=CC=C2C=CC=CC2=C1)NC(=O)[C@@H](CC1=CNC2=CC=CC=C12)NC(=O)C(C)(C)N,-4.848
CCBFOQGVIFFPHI-UHFFFAOYSA-N,N#CC1=CC=C2NC=C(CCCCN3CCN(C4=CC=CC5=NC6=C(C(N)=C45)CCC6)CC3)C2=C1,-5.869
NUEGVXRTDJLNEE-UHFFFAOYSA-N,CN(C)CCCCOC(=O)NC1=CC=C(CN2N=C(C3=CC=CC=C3C(F)(F)F)C3=CC=CC=C3C2=O)C=C1,-6.744
LONYNNVHDVPQNH-VEILYXNESA-N,COC1=CC=C(C(=O)N/C(=C\C2=CC=CC3=CC=CC=C23)C(=O)NCCC2=CNC3=CC=CC=C23)C=C1OC,-7.225
SCUGGJJXJHUTKH-UHFFFAOYSA-N,COC1=CC(NC2=NC=C(C3=CC=CC=C3N(C)C(=O)CN3CCOCC3)O2)=CC=C1C1=COC=N1,-4.078
BHGQPVMWEFIEAF-UHFFFAOYSA-N,CC(C)C(NS(=O)(=O)C1=CC=C2C(=C1)OC(=O)N2C)C(=O)NCCC1=CC=CC=C1,-3.827
LOJSURQQIVTLNL-UHFFFAOYSA-N,CC1=CC=C(C2=NC(CN(CC3=C(C)N(C)N=C3C)C(C)C)=C(C)O2)O1,-3.742
IRMLAZVFEBKCLD-YTYFACEESA-N,O=C(C1CCCCC1)N1CCN2C(=O)N([C@H]3C[C@@H]3C3=CC=CC=C3)C(=O)C2C1,-3.823
DGXWEWDXKSUMLN-UHFFFAOYSA-N,O=C1C2=CC=C([N+](=O)[O-])C=C2N=CN1CC1=CC=CC=C1C(F)(F)F,-5.35
WUILLEJRRYSPRZ-CTHHTMFSSA-N,N=C(N)N[C@@H]1CC2=CC=CC=C2[C@H]1NC(=O)C(=O)NC1=CC=C(Cl)C(F)=C1.O=CO,-3.864
RGJOEKWQDUBAIZ-DRCCLKDXSA-N,CC(C)(COP(=O)(O)OP(=O)(O)OC[C@H]1O[C@@H](N2C=NC3=C(N)N=CN=C23)[C@H](O)[C@@H]1OP(=O)(O)O)C(O)C(=O)NCCC(=O)NCCS,-1.613
KHEVEQJKEGRYGK-QXONTCKQSA-N,COCCN1C(=O)C2(N=C1N)C1=CC(CCC(C)C)=CC=C1C[C@]21CC[C@@H](OC)CC1,-5.305
FDGHNDMFQXREFC-UHFFFAOYSA-N,CC(C)(C)C1=CC=C(C2=CN(C(CN3CCSCC3)C3=CC=C4SC5=CC=CC=C5C4=C3)N=N2)C=C1,-6.977
XAKFGUJDOOSGLA-ZRDIBKRKSA-N,OC1=C(/C=C2\C=NC3=CC=CC=C23)SC(NC2=CC=CC=C2)=N1,-5.98
NBPXVOSSMHRDJZ-UHFFFAOYSA-N,CC1=C(C2=CC=C(O)C(O)=C2)C(=O)OC2=CC=C(Cl)C=C12,-5.247
SUYXKWWKUKREST-HZUVFDMRSA-N,CC1=CC=C(/C=N/NC(=O)CN2N=C(/N=C/C3=CC=C(C)C=C3)C3=CC=C(C(F)(F)F)N=C23)C=C1,-8.001
VRFLASTXVGXXTO-UHFFFAOYSA-N,CC1=NN(C2=CC=C(NC3=CC(C4=NN(C)C=C4C)=CC=N3)C=C2)C(C)=N1,-5.169
CVFPVTDPQORHEL-UHFFFAOYSA-N,Cl.OC(CNC1CCCCCC1)C1=CC=C(Cl)C(Cl)=C1,-2.71
XDOKHHIHQWUBSF-UHFFFAOYSA-N,CCCNC(=O)COC(=O)C1=CC(C)=NC2=CC=CC=C12,-3.653
AZNFEKMBPZVEHH-UHFFFAOYSA-N,CCC1(CC)CC1C(=O)NCC(=O)N1CCN(CC2=CC(Cl)=CC=C2N)CC1,-2.949
FEOYUCWLDPEHMW-UHFFFAOYSA-N,CC(C)C1=CC=C(C(=O)N2CCCC(C3=CC(C(=O)NC4=CC=C5C(=C4)OCO5)=NO3)C2)C=C1,-6.017
CHTQGTQAWFRXST-OVCLIPMQSA-N,CCOC(=O)CN1N=C(C)N(/N=C/C2=CC=NC=C2)C1=O,-2.476
PISGEVPDOXRNAQ-SLJXHRAUSA-N,C=C[C@]1(C)C[C@@H](OC(=O)CSC2=CC=CC=C2NC(=O)CN2CCN(C3=CC=CC=C3)CC2)[C@]2(C)[C@H](C)CC[C@]3(CCC(=O)[C@@H]23)[C@@H](C)[C@@H]1O,-6.256
GQFHYZBKRJHYAC-UHFFFAOYSA-N,CCCC1=NNC(C2CN(CCCS(C)(=O)=O)CCO2)=N1,-2.114
IAVNJUYGRPZKCF-FTBISJDPSA-N,Cl.O=C(NC1=CC=C(CCNC[C@H](O)COC2=CC=CC=C2)C=C1)C1=CC=CC=C1,-3.736
KMELZRUXHYVFBM-UHFFFAOYSA-N,CCN(CC(=O)NCC1=CC=C(F)C=C1)C(=O)C(C)OC1=CC=CC(Cl)=C1,-4.414
HBVXRUIPTGRFDT-PLCAQUOPSA-N,CS(=O)(=O)N1C[C@@H]2CCCC[C@H](NC(=O)C3=CC=CC=C3)C(=O)N2[C@H](C(=O)N[C@H]2CC(=O)OC2O)C1,-2.995
YIIMDPFPUHZTTA-VQTJNVASSA-N,CC(=O)OC[C@@H]1CN(CC2=CC=CC=C2)C[C@H](N2C=NC3=C(N4CCCC4)N=CN=C23)O1,-2.987
IMQLMEGDRFUMLA-UHFFFAOYSA-N,CC1=CC=CC=C1C1=CN2C(=C1)C(NC1=CC=NC=C1)=NC=N2,-4.868
ZZCGYYMWYHEEBE-UHFFFAOYSA-N,CC1=NC(N)=NC=C1CNC(=O)CN1C(C)=CC=C(NS(=O)(=O)CC2=CC=CC=C2)C1=O,-4.594
BUDXDTRWVOLBAH-UHFFFAOYSA-N,CNC1=CC=C(CNCC2=CC=CC(C3=CC=C(C4=NC5=CC=CC=C5N4)S3)=C2)C=C1,-6.325
MGGVELXUGLBXKY-BWAHOGKJSA-N,CN(C)C1=CC=C(/C=C(\NC(=O)C2=CC=CC=C2)C(=O)NC2=CC=CC(C(=O)NCCCO)=C2)C=C1,-4.604
WOWNOIWGVRNZFD-UHFFFAOYSA-N,CC1CC(OCC(O)CN2CCN(CC3=CC=CC=C3)CC2)CC(C)(C)C1.Cl,-2.269
GUVLEBBZKMQLIY-UHFFFAOYSA-N,C1=CC=C(N2C=C3C=NC4=CC=CC=C4C3=N2)C=C1,-4.471
QAOHORSYOWQUDA-UHFFFAOYSA-N,CC1=CC(NC(=O)CN2C=C(C3=CC=C(Cl)C=C3)N=N2)=NO1,-4.439
CCUVHKGWZHIHRZ-UHFFFAOYSA-N,O=C(CON1N=NC2=CC=C(C(F)(F)F)C=C12)NC1=C(Cl)C=CC=C1Cl,-7.123
DPDWNGMHHFIEDB-ONEGZZNKSA-N,C/C=C/C(=O)OCC(=O)NC1=NC2=CC=C(C)C=C2S1,-4.183
WJILKEGNHFTPCY-UHFFFAOYSA-N,O=S(=O)(C1=CC=CN=C1Cl)N(CC1=CC=C(F)C(C(F)(F)F)=C1)C1=C(Br)C2=CC=CC=C2S1,-7.99
HDONVKMMRZKRCC-UHFFFAOYSA-N,O=C(NC1=NNC2=NC(C3=CC=CO3)=C(Br)C=C12)C1CCN(CC2=CC=CC=C2)C1,-5.322
JVLBPIPGETUEET-GAAHOAFPSA-O,C[N+]1(CC2CC2)CC[C@]23C4=C5C=CC(O)=C4O[C@H]2C(=O)CC[C@@]3(O)[C@H]1C5,-2.258
VBCRJDNMBJIINH-WUXNSVGLSA-N,CCC(=O)OC(OP(=O)(OC(OC(=O)CC)C(C)C)C(CCC/C=C(\C)CC/C=C(\C)CCC=C(C)C)S(=O)(=O)O)C(C)C,-5.675
BNCPMPMXSHXOQK-UHFFFAOYSA-N,NC1=NC(O)=C(N=O)C(NCCCOC2=CC=C([N+](=O)[O-])C=C2)=N1,-4.203
WZBRZPMFTHHQQX-IGMJJTELSA-N,CCN(C[C@H]1N[C@@](C)(C(=O)OC)[C@H]2C(=O)N(C)C(=O)[C@@H]12)C(=O)NC1=CC=C(F)C=C1,-3.017
CXVQTAXBJPZJHU-UHFFFAOYSA-N,O=C(NCCC1CN(CC2=CNC=N2)CCO1)C1=CC=CC=C1O,-1.781
BQQUXECVVCRHDK-UHFFFAOYSA-N,CC1=CC=C(S(=O)(=O)N2N=C(C(F)(F)F)CC2C2=CC=C3C(=C2)OCO3)C=C1,-5.572
WPQIUQXWDUZDBI-UHFFFAOYSA-N,O=C(O)C1=CC=C(NC(=O)C2=CC=C(C(=O)O)C=C2)C=C1,-3.681
PXIIPKRDSWOMFX-UHFFFAOYSA-N,O=C(C1=CC=C(C2=CC=C(O)C([N+](=O)[O-])=C2)C=C1)C(Cl)Cl,-5.079
NBOHLSNSJWULOZ-UHFFFAOYSA-N,O=C(CSC1=NN=C(CCC2=CC=CC=C2)N1C1=CC=C(Cl)C=C1)C1=CC=CC=C1,-7.713
HKTXFVWXZLHUBT-GNVNBFNNSA-N,COC1=CC2=C(C3=C1C(=O)C1=CC(C)=CC=C1O3)[C@@H](OC(=O)C13CCC(C)(C(=O)O1)C3(C)C)[C@@H](OC(=O)C13CCC(C)(C(=O)O1)C3(C)C)C(C)(C)O2,-7.999
DLZIJJOVXGIHAK-UHFFFAOYSA-N,CC1=CC(OCC(C)(C)C(=O)O)=NC=C1C1=CC=C(C2=NC(C(F)(F)F)=CN2)N=C1,-5.348
GFPQRHXCPZSHRH-SOFGYWHQSA-N,COC1=CC2=NC=NC(NC3=CC=C(CC4=CC=CC=N4)C=C3)=C2C=C1NC(=O)/C=C/CN1CCCC1,-5.895
BSFRBDSIZRGQJQ-UHFFFAOYSA-N,CC1=CC(OCC2=NCCO2)=CC=C1Cl,-3.034
DCDJWNFOPNVBIM-FQEVSTJZSA-N,COC1=CC(OC2=CC=C(S(=O)(=O)N3CCSC(C)(C)[C@@H]3C(=O)NO)C=C2)=CC(OC)=C1OC,-4.834
SFBCUCSYEFFAGV-UHFFFAOYSA-N,CC(=O)N1CCC(C2=CC=NC(NC3=CN=CC=N3)=N2)C1,-2.239
HGNMYGRBKGXPFK-JWFWCLOMSA-N,COC(=O)C1[C@@H](C2=CC=C(C3=CC=CC=C3)C=C2)CC2CC[C@H]1N2C,-4.396
YIGLINOPTZCHQC-UHFFFAOYSA-N,CC1=CC=CC(F)=C1OC1=CC=CC(F)=C1OC1CCNCC1,-4.466
MFKGYAQUHJGNCA-UHFFFAOYSA-N,CCCOP(=O)(CC1=CC=C(C2=NC3=CC=CC=C3S2)C=C1)OCCC,-5.575
BHFHRFOGMATRRK-UHFFFAOYSA-N,O=C1C2=CC(O)=CC=C2C=CN1CC1=CC=CC=C1,-3.939
ANWOEKIATLTCTA-UHFFFAOYSA-N,O=C(NC1=NC=C(CC2=CC=CC=C2)S1)C1CCCC1,-4.631
LAWZRWFMAAIMKC-QWAKEFERSA-N,CC1=CC=C(S(=O)(=O)N2CCC(C(=O)N[C@H](C(=O)NCC3CCCO3)C(C)C)CC2)C=C1,-3.139
GACZLMXVTORVRP-UHFFFAOYSA-N,CSC1=CN=C(OCCOC2=NC=NC(NS(=O)(=O)C3=CC=C(C(C)(C)C)C=C3)=C2C2=CC=NC=C2)N=C1,-6.97
MJHMABNIGSEYKN-UHFFFAOYSA-N,O=C(CSC1=NC=CC=C1C(=O)O)C1=CC=CC=C1,-3.311
MSUMZPSOTCJIBZ-UHFFFAOYSA-N,CN(C)CCCOC(=O)CCCN1C2=CC=CC=C2C2=NC3=CC=CC=C3N=C12,-4.399
VOVZEDVHSSTHNO-UHFFFAOYSA-N,COC1=CC=C(C2=COC3=CC(OCCN4CCCC4)=CC=C3C2=O)C=C1,-4.327
NGVUCJQUYYULDY-UHFFFAOYSA-N,O=C(O)C1=CNC2=CC(F)=C(C3=CC=C(C4(O)COC4)C=C3)C(F)=C12,-4.349
QORKFWILWPYIJT-CLOONOSVSA-N,CCOC(=O)[C@@]1(CC2=CC=C(OCC3=CC(C)=NC4=CC=CC=C34)C(F)=C2)C[C@@H]1C(=O)NO,-6.193
ZBPWZFHOPPASBX-IPZCTEOASA-N,COC1=CC=C2NC=C(C(=O)NC/C=C/CN3CCN(C4=CC=CC=C4OC)CC3)C2=C1.O=C(O)C(=O)O,-3.143
XVZRRPTWUCAMMV-UHFFFAOYSA-N,CC1=NC(CN2CC(S(=O)(=O)NC3CCCC3)C2)=NO1,-1.981
JESULJQFGFJISO-UHFFFAOYSA-N,CC1SC(C)(C)C(=O)N1CCCCN1CCN(C2=CN(C3=CC=CC=C3)C3=CC(F)=CC=C23)CC1,-4.863
QBSNBQQWRUSRPH-SNAWJCMRSA-N,CN(C/C=C/C1=CC=C(F)C=C1)CC1=COC2=CC=CC=C12,-4.009
ZLLXFXKKMDXGIZ-ZZTWKDBPSA-N,CC(C)[C@@H](C(=O)N1CC2=CC=CC=C2C[C@H]1C(=O)NCCCC[C@H](NC(=O)[C@@H]1CC2=CC=CC=C2CN1C(=O)[C@H](C(C)C)N(C)C)C(N)=O)N(C)C,-3.526
HPGLTLKBQDAPOP-UHFFFAOYSA-N,CC(C)CN(CC1=CC(Cl)=C2C(=C1)OCCCC2)C(=O)C(C)CNCC1=CC=CC2=C1NC=C2,-5.091
CCACMEAVVKCUJV-UHFFFAOYSA-N,O=C1N=C(N2CCOCC2)OC2=CC=C(C3=CC=CC4=CC=CC=C34)C=C12,-5.717
LSWSVRPZMWEOIY-IADYIPOJSA-N,CCCN(CCC)C(=O)C(OC1=CC(/C=C2\SC(=S)N(CC(=O)O)C2=O)=CC=C1OCCC1=CC=CC=C1)C1=CC=CC=C1,-7.397
MVFGTOOHPKYDMF-UHFFFAOYSA-N,FC(F)(F)C1=CC(OC2=CC=CC=N2)=CC=C1C1=CC=CC2=NC=CN12,-7.035
ZMKPRFLOBXQPQX-UHFFFAOYSA-N,COC1=CC=C2C(=C1OC)N=C(NC1=C(C)C=CC=C1Cl)C1=CN=C(CCCO)N21,-5.5
UIHVCCIRURNIAB-UHFFFAOYSA-N,O=NNC1=CC=C(SSC2=CC=C(NN=O)C=C2)C=C1,-5.56
ZWKAPACSPOCNQE-UHFFFAOYSA-N,COCC1CC2CCC(C1)N2C1=NC(N2CCC(C(N)=O)C2)=NC2=C1C(C1=CC=CC=C1OC)=CS2,-5.824
URGBWOONWGBUDF-UHFFFAOYSA-N,COC1=CC(CN2CCCC(CCC(=O)NCC3=CC=C(C)O3)C2)=CC2=C1OCO2,-3.467
DOMAMGPONYVFBD-UHFFFAOYSA-N,CC1=CSC2=NC(C3=CC=CC=N3)=NC(NC3=CC=C4N=CSC4=C3)=C12.Cl,-6.656
CFNYSLVJMDSAMV-BBUCOZJOSA-N,COC1=C(O[C@@H]2O[C@H](CF)[C@@H](O)[C@H](O)[C@H]2O)C=C2C(=C1OC)C1=CC=C(SC)C(=O)C=C1[C@@H](CNC(C)=O)CC2,-4.314
ZTWFTDPXHKZXGN-UHFFFAOYSA-N,BrC1=CC=CC=C1N1C=C(CN2CCN(C3=NC4=CC=CC=C4C4=CC=CC=C34)CC2)N=N1,-6.174
MQQYVVHTILNTJB-UHFFFAOYSA-N,O=C(CCNS(=O)(=O)C1=CC=CC=C1)NNC(=O)C1=CSC(N2CCOCC2)=N1,-3.759
XVRWCSRQQDADOD-UHFFFAOYSA-N,CC1(C(=O)NC2=CC=CC(OC(F)(F)F)=C2)CC2=C(C3=CC=C(C(N)=O)C=C3)C=CN=C2O1,-6.694
NKFKYIYEPVAHIL-UHFFFAOYSA-N,CCC1=NC(C2CCCN2C(=O)CCN2C=NC=N2)=NO1,-1.848
LOICDZVVRHOLQF-UHFFFAOYSA-N,N#CC1=CC=CC=C1N1CCCN(C(=O)CCC2=CSC=C2)CC1,-4.042
PUODBHNSIZAAAP-UHFFFAOYSA-N,CN(C)S(=O)(=O)C1=CC=C(C(=O)NCCSC2=CC=CC=C2)C=C1,-4.248
CLVMUFNPZQJGKR-UHFFFAOYSA-N,O=C1SC(=CC2=C3C(=NC4=CC=CC=C24)C=CC=C3)C(=O)N1CC1=CC=C(Br)C=C1,-8.001
SDMMTJGBQDTLSJ-SJPCQFCGSA-N,CC(OC1=CC=C(NC(=O)C2=CC=C(N3C[C@H](C)N[C@H](C)C3)C=C2)N=C1)C1=C(Cl)C=NC=C1Cl,-5.623
PNVNVHUZROJLTJ-INIZCTEOSA-N,COC1=CC=C([C@H](CN(C)C)C2(O)CCCCC2)C=C1,-2.37
UDEIJCCUYJHGMJ-UHFFFAOYSA-N,COC1=CC=C(S(=O)(=O)NCCSC2=NN=NN2C2=CC=CC=C2)C=C1OC,-4.515
NSOSGFJJXFKRDG-DSKATIKOSA-N,OC[C@@H]1OC(N2C(S)=NC3=C(O)N=CN=C23)[C@@H](O)[C@H]1O,-1.479
XPYFYVJCMDDGKF-UHFFFAOYSA-N,COC(=O)NCC1=CC=C(C(=O)NC2=CC(C3=CC=CS3)=CC=C2N)C=C1,-5.949
GBBWQFWDULNWTL-FMIVXFBMSA-N,N#C/C(=C\C1=CC=CS1)C(=O)C1=CC=CC=C1,-3.904
REKCCTKBSOCNFL-UHFFFAOYSA-N,COC1=CC=CC(CNC(=O)C2=CC(CNCC3=CC=CC=C3)=CC=C2C2=CC=CC(CNCC3=CC=C(C4=CC=CC=C4)C=C3)=C2)=C1.O=C(O)C(F)(F)F,-6.785
OUQVWKTYBJMMEI-LYCTWNKOSA-N,C[N+](C)(C)C[C@H]1C[C@H]1COC(=O)NC1=CC=C(Cl)C=C1.[I-],-0.896
WDGBMRPLOQQTOB-UHFFFAOYSA-N,CC1=NOC(C)=C1C1=CN=C(N)C(SC2=CC=C(C(=O)NC3=CC=C(Cl)C=C3)C=C2)=N1,-7.405
KPEIMIADJYJKLL-UHFFFAOYSA-N,COCCN(C(=O)C1=CC=C(C2=CC=C([N+](=O)[O-])C=C2)O1)C1=C(N)N(CC(C)C)C(=O)NC1=O,-6.196
ODINSXGBBWONEF-UHFFFAOYSA-N,COC1=CC=C(C2=CSC(NC(=O)C3CC(=O)N(CC4=CC=CO4)C3)=N2)C=C1,-5.194
FMYGVUPLTUXIEH-QBFSEMIESA-N,CC1CC(C)(C)N2C(=O)/C(=C3\SC(=O)NC3=O)C3=C2C1=CC=C3,-4.531
UJYWZXXFPKUKST-UHFFFAOYSA-N,CCOC1=CC=CC(C(=O)NC2=C(C)C=C(Br)C=C2C)=C1,-6.383
KPQLWJWAGXJIST-GTJPDFRWSA-N,COC(=O)[C@](F)([C@@H]1CCC2=C(NC3=CC=C(Cl)C=C23)C1)S(=O)(=O)C1=CC=CC(Cl)=C1,-7.222
OUYKCUYBKAHHDX-UHFFFAOYSA-N,CCC1=CC(C2=CC=C3C(=C2)CCC3=O)=CC=C1OC,-5.796
MDXDJHMIICHKBK-GFTXTJKWSA-N,COC1=CC(C(CC=C(C)C)SC(=O)C2=CC=C(C(F)(F)F)C=C2)=C(OC)C2=C1/C(=N/O)C=C/C2=N\O,-7.439
AVKFJGHNZWYFBR-GQTPQPSSSA-N,CC(C)[C@H](NC(=O)[C@H](CC1=CC=CC=C1)C[C@H](O)[C@H](CC1=CC=CC=C1)NC(=O)OC(C)(C)C)C(=O)NCC(O)CO,-3.295
ROINLXVKCNAWIS-HTHPJJGESA-N,COC(=O)C(CC1=CC=CC=C1)NC(=O)[C@]12CC[C@@H](C)[C@H](C)[C@H]1C1=CC[C@@H]3[C@@]4(C)CC5=CN=CN=C5C(C)(C)[C@@H]4CC[C@@]3(C)[C@]1(C)CC2,-7.26
VOVCTAUPQUZCCT-UHFFFAOYSA-N,CC1=C(C)N(CC(C)C)C2=NC=NC(NC3=NC=CS3)=C12,-3.94
IEHDJWSAXBGJIP-RYUDHWBXSA-N,CC(C)[C@H](NC(=O)[C@@H](N)CC1=CC=CC=C1)C(=O)O,-1.69
STHXBYBOTUFDBJ-UHFFFAOYSA-N,NC(=O)C1=CC=CC=C1OCCCNCCC1=CN(S(=O)(=O)C2=CC=CC=C2)C2=CC=CC=C12,-4.364
CSJFIKIDEFCFSE-UHFFFAOYSA-N,CCN1C(=O)OC2(CCN(CCCC(=O)OC)CC2)C1=O,-1.332
WTYHHLUYXYYOKH-UHFFFAOYSA-N,O=C(CC1=CC=C(Cl)C=C1)NC1=NC2=CC=CC=C2O1,-5.077
DZVXRWNHDDUKKP-UHFFFAOYSA-N,CCOC1=CC=CC=C1C(=O)NCC(=O)OCC(=O)NCCC1=CC=C(S(N)(=O)=O)C=C1,-3.489
YUSCAAHQWLTSSG-IBGZPJMESA-N,CN(CCCN1C(=O)[C@@H]2CC3=CC=CC=C3CN2C1=O)C1=CC=CC=C1,-4.083
CMARQECGDGAALM-SYPWZQQWSA-N,C[C@]12C=C[C@@]3(CC[C@@H]4[C@@](C)(COC(=O)C(=O)O)CCC[C@@]4(C)[C@@H]3CC1)C2,-5.89
XSCGKIDMJUFUJZ-UHFFFAOYSA-N,COC1=CC=C(C2=NN=C(S)N2C2=CC=C(C)C=C2)C=C1,-5.295
ZKDZHSAMEVMGFN-IZAXUBKRSA-N,NC[C@H]1C[C@@H](C2=NC(C3=CC=CC(OCC4=CC=CC=C4)=C3)=C3C(N)=NC=CN23)C1,-4.962
QUHZPVGXUMNKLN-UHFFFAOYSA-N,COCCOC1=CC=C(C2=NC3=CC=C(OC(F)(F)F)C=C3N2)N=C1,-4.714
BZKKQQPSWQGCMH-UHFFFAOYSA-N,CCOC1=CC=C2NN=C(C3=CC(N4CCN(S(C)(=O)=O)CC4)=NC=N3)C2=C1,-4.188
FQEKYKDBYAXLIL-UHFFFAOYSA-N,O=C1NCCCCC1NS(=O)(=O)C1=CC=CC=C1,-2.342
GDFYISKVYDVGFG-UHFFFAOYSA-N,NS(=O)(=O)C1=CC=C(CNC2=NC=C(C3=CC=NC=C3)C(C3CC3)=N2)C=C1,-3.658
CSBDJXWCRHWQMP-UHFFFAOYSA-N,COC1=CC=C(C2=CC(C3=CC=CN3C)=C(C#N)C(=O)N2C=O)C=C1OC,-4.772
RUWJYZIJCACDAR-UHFFFAOYSA-N,CCC1(N2CCC(C3=CC(C4=CC=C(F)C=C4Cl)=C4C(=C3)N(C3=C(Cl)C=CC=C3Cl)C(=O)NC4)CC2)CC1,-7.603
GITDMVCYTPOEOY-IBGZPJMESA-N,COC1=CC=C([C@@H]2C=CCCN2S(=O)(=O)C2=CC=C(C)C=C2)C=C1,-4.787
YHUDTIVTAMYXRA-UHFFFAOYSA-N,O=C(COC1=CC=C(Br)C=C1)NC1=CC=C(CN2CCOCC2)C=C1,-3.802
CFAJCUCOHAWNJJ-UHFFFAOYSA-N,CNC1=CC(NS(C)(=O)=O)=CC=C1NC1=C2C(=NC3=CC=CC=C13)C=CC(C)=C2,-6.678
JFETVROTFMZCOR-UHFFFAOYSA-N,CCCCCCCCC(C(=O)O)C1CCCCC1,-5.227
VJMVNQZATKXTJV-UHFFFAOYSA-N,C1=COC(C2=NC(CN3CCOC(CN4C=CC=N4)C3)=CS2)=C1,-2.348
CHWVDGYLKPLBES-UHFFFAOYSA-N,COC1=CC=CC=C1C1=CC=C(C(=O)O)O1,-2.919
HYIYBWCTLLQRLQ-NBFOIZRFSA-N,CCN1CC[C@H]2C3=CC(OC(=O)NC)=CC=C3CC12,-2.377
XREHYRWLXAQXTL-UHFFFAOYSA-N,CCCCCCCCCCCNC(=O)OC1=CC(O)=C2C(=O)C(C3=CC=C(OC)C=C3)=COC2=C1,-6.88
AADJNJPMKRFPHI-UHFFFAOYSA-N,N#CC1=C(N)C2=C(C3=CC=CC=C3)C(C3=CC=CC=C3)=NNC2[Se]1,-5.335
XLNVUHRIUOLYPA-KWSAYTQBSA-N,CC1=C/C(=N/CC/N=C2/C=C(C)C3=CC=C(O)C(/N=N/C4=NCCS4)=C3O2)OC2=C(/N=N/C3=NCCS3)C(O)=CC=C12,-8.051
HLQRUSCKAUPCMH-UHFFFAOYSA-N,CCOC(=O)C1(CC2=CC=C(OC)C=C2)CCN(C(=O)C2=CC=CC3=NC=CN=C23)CC1,-4.962
KQHIHMAVKVHVAP-UHFFFAOYSA-N,CCOC(=O)C(C)N1N=C(C2=CC=C(Br)C=C2)C=CC1=O,-4.657
DNCFKDLZZSXXJP-UHFFFAOYSA-N,CSC1=NN(C2=C(Cl)C=C(C(F)(F)F)C=C2Cl)C(N)=C1Br,-5.929
DAQZLXYFNHPPBP-UHFFFAOYSA-N,CCN(CC)C1=CC=C2C=C(C(=O)NC3(C(=O)N(C)N(C)C#N)CCCCC3)C(=O)OC2=C1,-5.093
BYHFCNJOCRSEFD-UHFFFAOYSA-N,C=CCSC1=NN=C(NC(=S)NC2=CC=C(I)C=C2)S1,-6.211
LEPCKTURENVSIR-HMLJSJRSSA-N,CCCSC1=NC(N[C@@H]2C[C@H]2C2=CC=C(F)C(F)=C2)=C2N=NN([C@@H]3C[C@H](OC(=O)C(C)(C)C)[C@@H](O)[C@H]3O)C2=N1,-5.603
NBWSZUBDTQVNLG-RBBKRZOGSA-N,COC1=CC=C([C@@H]2CC3=CC(C(F)(F)F)=CC=C3N(CCN(C)C)C(=O)[C@@H]2OC(C)=O)C=C1,-4.907
GINWZNNPOTUXQY-VHXPQNKSSA-N,CC1=CC=C(S(=O)(=O)C2=CC3=CC=CC=C3O/C2=N\C2=CC=C3C(=C2)OCO3)C=C1,-7.07
GCBZZUUQWDUVQZ-UHFFFAOYSA-N,CN(C)C(=O)C1=C(C2=CC=CC=C2)N=NS1,-2.741
CFMUZUVRPWGTOR-UHFFFAOYSA-N,CCCCC1=NN(C2=CC(NC(=O)CC)=CC=C2Cl)C(=O)N1CC1=CC=C(C2=CC=CC=C2S(=O)(=O)NC(=O)C2=CC=CC=C2Cl)C=C1F,-7.926
CESDIODVYNIIPQ-UHFFFAOYSA-N,CN1C=C(C(=O)O)C(=O)C2=CC=C(N3CCN(C4=NC=CS4)CC3)N=C12,-3.304
YPNLWBMYQOVDOU-UHFFFAOYSA-N,CC1=NC2=NC(SCC(=O)N(C)C3CCCCC3)=NN2C(C)=C1,-3.775
INUNXTSAACVKJS-NRFANRHFSA-N,C[C@@H](CN1CCOCC1)C(C(=O)N1CCCC1)(C1=CC=CC=C1)C1=CC=CC=C1,-3.458
KMBWACMXGIVAMT-UHFFFAOYSA-N,CC(C)OP(=O)(OC(C)C)C(O)C1=CC=CC([N+](=O)[O-])=C1,-2.92
YSSIVDQDOKWLPW-YCELRVBUSA-N,CN1N=C([C@H]2C[C@H]3CSC(N)=N[C@@]3(C3=CC=C(F)C=C3F)CO2)C=C1F,-4.912
LLKUTDWMTVLVHZ-JCMHNJIXSA-N,CN1/C(=N/NC(=O)C2=CC=CC(F)=C2)SC2=CC(OC(F)(F)F)=CC=C12,-6.904
IWVCMVBTMGNXQD-RKLSJVJESA-N,CN(C)[C@@H]1C(O)=C(C(N)=O)C(=O)[C@]2(O)C(O)=C3C(=O)C4=C(O)C=CC=C4[C@@](C)(O)[C@H]3[C@H](O)[C@@H]12,-2.359
ZRNWTEIKIUWPFT-UHFFFAOYSA-N,COC1=CC=C(C2=CC(OCCCN3CCCCC3)=C3C(C4=CC=CS4)=C(N)OC3=C2)C=C1OC,-6.676
WSTUKPKFASCSPC-UHFFFAOYSA-N,CCOC(=O)C(=O)NC1=CC(C)=C(OC2=CC=C3NC=C(C(C)C)C3=C2)C(Cl)=C1,-7.467
DRNVBQWMNNPEEW-UHFFFAOYSA-N,O=C(CCN1C=CC=N1)N1CCSCC1,-1.127
DIEZPUQWGLSRSX-UHFFFAOYSA-N,O=C1C=C(NC2=CC=C(Cl)C=C2)CC(C2=CC=CO2)C1,-5.06
WWSJJRURCYJJTP-UHFFFAOYSA-N,CC(C)(C)CC(C)(C)NC(=S)NO,-1.595
GONUYIXKBIPRQU-UHFFFAOYSA-N,CCCCC1=NC(Cl)=C(CO)N1CC1=CC=C(NC(=O)CN2C=CC=C2C(=O)OC)C=C1,-4.588
OICHSSVFKOAHEK-UHFFFAOYSA-N,CC1=CC(C(F)(F)F)=NN1C1=CC=C(OC2=CC=C(S(=O)(=O)NC3=NC=CS3)C=C2C#N)C(C(C)C)=C1,-7.624
UEEYQEMKIXZIGW-UHFFFAOYSA-N,O=C(NC1CC2=CC=CC=C2C1)OC1=CC=CC(C2=CC=CC=C2)=C1,-6.626
LCGMLPPGXVKXSO-UHFFFAOYSA-N,CC1=CC=C(N2C(C)=CC(C(=O)CSC3=NN=CS3)=C2C)C=C1,-5.191
BESJMQDNPAGIEM-UFHCJVJASA-N,CCCCCCCC(=O)O[C@@H]1[C@@H](OC(=O)C2=CC=CC(C)=C2)C(C)=C2[C@@H]3OC(=O)[C@@](C)(O)[C@@]3(O)[C@@H](OC(=O)CCC)C[C@](C)(OC(C)=O)[C@@H]12,-6.433
LAVDAHBRWQWCEE-WQRHYEAKSA-N,O=C(O)/C(O)=C/C(=O)C1=CC2=CC=CC=C2N1CC1=CC=CC=C1,-3.687
VTSGYJHHFSZLHK-UHFFFAOYSA-N,O=C(NCC(=O)N1CC(O)CC1C(=O)N1CC(O)CC1C(=O)OCC1=CC=CC=C1)OCC1=CC=CC=C1,-2.935
FDQZRSAVZSDOIH-UHFFFAOYSA-N,CC1=CC(C)=NC(SCC(=O)NC2=CC=CC(COC3=CC=C(NS(=O)(=O)C4=CC=CC=C4)C=C3)=C2)=N1,-7.691
HKTFTSJMKJDHIE-UHFFFAOYSA-N,CC(C1=NC2=C(C=NN2C2CCOCC2)C(=O)N1)N1CC(OC2=CC=CC(Cl)=C2Cl)C1.O=C(O)C(F)(F)F,-5.337
OXYZHFWSNIKIBZ-UHFFFAOYSA-N,COC1=CC=CC(C2=CC(C(=O)NC3=CC4=CC=C(OC5CCNCC5)C(C)=C4OC3=O)=CC=C2OC)=C1,-6.809
QJVMAVUCABDIBY-UHFFFAOYSA-N,CCN(CC)CC1=COC(C2=CC=C(C)C=C2)=N1,-2.679
KUFFIEBVYHIWTO-UHFFFAOYSA-N,O=C(O)C1=CC=C(S(=O)(=O)N2CCOCC2)O1,-1.802
HMBAGIWVHSMZGN-UHFFFAOYSA-N,CC1(C)NC(=O)N(CCC2=CC=CC=C2)C1O,-1.731
GBECRGFASNNNDE-OLZOCXBDSA-N,CC(=O)C1=C(C)NC(=O)C(C(=O)N2CC[C@H]3CC[C@@H](C2)N3C)=C1,-2.465
UJICCOKPNCAOLV-UHFFFAOYSA-N,CN(C)CCOC1=CN=CC(N2CCCCC2)=C1,-1.182
DFIYXVFBAYHFHF-SFHVURJKSA-N,CC(C)(C)COCC1=CC=C2C(=C1)CCN1C2=CC(OC[C@@H]2COCCO2)=NC1=O,-4.688
PCXIPRGEKJXOBL-UHFFFAOYSA-N,CC1=CC=CC(C2=CN(C)C=C2)=C1,-2.258
YKLSTZWRVBALCY-ZTCCBMIJSA-N,C#CCOC(=O)[C@]12CCC(C)(C)C[C@H]1C1=CC[C@@H]3[C@@]4(C)CC[C@H](O)[C@@](C)(CO)[C@@H]4CC[C@@]3(C)[C@]1(C)CC2,-6.566
YWUIURMXEQXMRN-UHFFFAOYSA-N,CN(C)CCCN1C2=CC=CC=C2CCC2=CC=C(CCCOCC3=CC=CC4=CC=CC=C34)C=C12,-6.259
GBLRRACOKGGFKV-AXLPPOLRSA-N,CC[C@H](C)NC1=CC(C(=O)N[C@@H](CC2=CC=CC=C2)[C@H](O)[C@@H]2CCCN2)=CC(S(C)(=O)=O)=N1.Cl,-2.975
FNBYOSZOQAZRAW-KWCFWXNCSA-N,C=CC(=C)CCC1(C)C(C)CC(=O)C23C(=C[C@H](OC(=O)CCC)CC12)[C@@H](OC(C)=O)O[C@H]3OC(C)=O,-5.936
MKIVOQUHWWFPIM-TUFYWOIXSA-N,O=C(O)CCC[C@H](O)[C@@H](/C=C\C1=CC=CC=C1OCCCCOC1=CC=CC=C1)SC1=CC=C(C(=O)O)C=C1,-6.003
FYNBMTFTUIYCJV-MHPIHPPYSA-N,C[C@H]1CN([C@@H](C)CO)C(=O)C2=CC=CC(NC(=O)C3=NC4=CC=CC=C4S3)=C2O[C@H]1CN(C)C(=O)NC1=CC=C(C(F)(F)F)C=C1,-6.545
RLNMCUAMQQOYEG-NTEUORMPSA-N,O=C(O)/C=C/C1=CC=C(OC(=O)CCC2=CC=CC=C2)C(OCC2=CC=C(Cl)C=C2)=C1,-7.213
JREBGRHWCUPUKA-DSPMFFIESA-N,CC1=CC(O)=CC(C)=C1C[C@H](N)C(=O)N[C@H](CCCNC(=N)N)C(=O)N[C@H]1CC2=CC=CC=C2CN(CCC(=O)N(C)CC2=CC=CC=C2)C1=O,-4.339
RHDPXJYWOWFLJU-UHFFFAOYSA-N,OC1=CC=CC(NN2C=CC=C2)=C1,-1.869
TWMPICDWJCTBGT-UHFFFAOYSA-N,CCN1C=C(NC(=O)NC2=CC=C3C(=C2)OCCO3)C=N1,-3.236
GWERFVJRQFKXQG-UHFFFAOYSA-N,CCN1N=CN2C(C3=CC=C(F)C(C4=CC=C(F)C=C4C#N)=C3)=CN=C2C1=O,-6.287
MFIBVCBNDYGJFP-UHFFFAOYSA-N,CC(C)C1=CC=NC(C2=CC3=NC=C(C4=CC=CC(NC(=O)NCC(F)(F)F)=C4)N3C=C2)=N1,-6.913
CGXCANAUWNATLY-UHFFFAOYSA-N,CC1=CC=C(OCC(=O)N(CC2=NC(C3=CC=CC=N3)=NO2)C(C)C)C=C1,-4.438
GIQVCZVUJSCCTL-GDLZYMKVSA-N,O=C(N[C@H](CC1=CSC2=CC=CC=C12)C(=O)N1CCC(N2CCCCC2)CC1)N1CCC2(CC1)N=C(C1CCCCC1)NC2=O,-5.492
NISINGSLNFLSEX-UHFFFAOYSA-N,O=[N+]([O-])C1=CN(C2=CC=C(Br)C=C2)C=N1,-3.315
MAMFAJFGPWCOHR-UHFFFAOYSA-N,CC(=O)NC1=CC=C2NC(=O)N(C3CCN(C(=O)C4=CC=CC=C4)CC3)C(=O)C2=C1,-5.132
LBOPEIJMGRKULM-KRCBVYEFSA-N,N[C@@H](CCC(=O)O)C(=O)NCCCCCC(=O)N[C@@H](CO)C(=O)NCCCOCCCCOCCCNC(=O)[C@H](CO)NC(=O)CCCCCNC(=O)[C@@H](N)CCC(=O)O,-1.939
VXEAWVMTERBHFX-UHFFFAOYSA-N,CCOC(=O)ON1C(=O)C2=CC=CC=C2C1=O,-2.467
GDEQKKBMPCAWEP-UHFFFAOYSA-N,CN(C)C1=CC=CC2=C(S(=O)(=O)NCC(=O)NCC[S+]([O-])CCl)C=CC=C12,-2.162
YOQPANSJZKFLMM-UHFFFAOYSA-N,O=C1NCC2(CCNCC2)C2=C1C=C(C1=CC=NC(C3=CC(Cl)=CC(Cl)=C3)=N1)N2,-5.331
QHSWZQPEERODAN-UHFFFAOYSA-N,CC1=CC=CC(C)=C1OC1=NN(NC2=CC=C(C#N)C=C2)C(=O)C=C1,-6.51
IBARSPXFLSEGBX-UHFFFAOYSA-N,CC1=CC(OC2=NC=C(Cl)C=C2C(F)F)=CC=C1C1=C(C)C(=O)NC(=O)N1C,-7.167
WEPLQYDVWAVBRX-HNNXBMFYSA-N,COC1=CC2=C(C(OC)=C1OC)C1=CC=C(SC)C(=O)C=C1[C@@H](NC(=O)CNC(=O)C(F)(F)F)CC2,-5.871
ANAOXQPNAIEGRU-UHFFFAOYSA-N,CC(C)COC1=CC=CC=C1C(=O)NC(CO)C(=O)O,-1.887
LPZBJYHDKFTGCC-UHFFFAOYSA-N,CC1=CC(C(F)(F)F)=CC=C1NC1=NC(SC2CCOC2C)=NC2=C1CCN(C1=NC=CC=C1C(F)(F)F)CC2,-7.453
MPLUPMPIJSWCIQ-UGBDYNFMSA-N,CC(C)C[C@H](NC(=O)[C@H](C)NC(=O)[C@H](CCCNC(=N)N)NC(=O)OCC1=CC=CC=C1)[C@@H](O)CC(=O)NCCC1=CC=C(Cl)C=C1.O=C(O)C(F)(F)F,-3.867
VELVUGAANFPXJJ-UHFFFAOYSA-N,CCCC1=NC(NCCCN2C=CN=C2)=C2C(=N1)C(C)=NN2CC,-3.342
CHRQYHKDXOIBPC-SFHVURJKSA-N,O=C(NC1=CC(CN2C(=O)NC(=O)C3=CC=CC=C23)=CN=C1F)[C@H]1CCN(CC2=CC=NC=C2)C1,-5.343
PSURAFILOCZAMG-UHFFFAOYSA-N,NS(=O)(=O)C1=CC=C(CNC(=O)C(F)(F)F)C=C1,-2.252
ZYWYZKGAGFBZIZ-UHFFFAOYSA-N,CN(C)CCC1(C2=CC=CC=C2)OC=CC1=O.Cl,-1.56
ILSXMVZPMPPOEJ-UHFFFAOYSA-N,CC1=CC(C(=O)N2CCN3C=CC=C3C2C)=NO1,-2.111
VCJFLOUIZAJBAA-UHFFFAOYSA-N,CC1=CC=C(C2=NN=C(N3N=C(C)C=C3C)C3=CC=CC=C23)C=C1,-6.082
FEIDHNGSKVXYBH-UHFFFAOYSA-N,CN(CC1(C)COC1)C(=O)C1=CC(C2=NN(C)C=C2)=NC2=CC=CC=C12,-3.556
SDUNKEQQLQDTTQ-YWEYNIOJSA-N,C[N+](C)(C)C/C=C1/COCO1,0.518
IZXWIWYERZDWOA-UHFFFAOYSA-N,CC(C)CC1=CC=C(C(C)CO)C=C1,-2.453
VCKUAASJHBESRB-UHFFFAOYSA-N,O=C(O)C1=CC=C(CC2=C(C(=O)O)N(CC3=CC4=C(C=C3Cl)OCO4)C3=CC=CC=C3C2=O)C=C1,-6.651
SDMZOGLOLYWQGF-UHFFFAOYSA-N,CC[S+]([O-])C1=NC2=CC=CC(C(=O)OC)=C2N1CC1=CC=C(C2=CC=CC=C2C2=NNN=N2)C=C1,-3.642
WMCUXVITTPCZQN-OAQYLSRUSA-N,CCOC1=CC=C(N2C([C@@H](C)N(CC3=CC=CN=C3)C(=O)CC3=CC=C(F)C(C(F)(F)F)=C3)=NC3=CC=CC=C3C2=O)C=C1,-8.225
GHYGHECQPGYGCH-UHFFFAOYSA-N,CCN(CC)C(=O)CN1C=C(S(=O)(=O)CC(=O)NC2=CC=CC=C2C)C2=CC=CC=C12,-4.768
FSUQKSUQIWZYJW-UHFFFAOYSA-N,CN1CCN(NC2=CC=C(S(=O)(=O)NC(=O)C3=CC=C(N4CCN(CC5=C(C6=CC=C(Cl)C=C6)CC(C)(C)CC5)CC4)C=C3OC3=C3OC3=CC=CC4=C3C=CN4)C=C2[N+](=O)[O-])CC1,-6.135
CMAWYPQHHCFAJC-UHFFFAOYSA-N,CC(C)CCN1C(=O)C(C2=NS(=O)(=O)C3=CC(NS(=O)(=O)NC(=O)OCC(=O)O)=CC=C3N2)=C(O)C2=CC=CN=C12,-4.12
YLFJWBVMZKWUSC-NXKIGICWSA-N,CN1CCN(CN2C(=O)/C(=N\NC(=O)COC3=CC=C(N4C(=O)C(Cl)C4C4=CC=CC=C4)C4=CC=CN=C34)C3=CC=CC=C23)C=C23)CC1,-5.729
KMFGBQQKCSALKS-UHFFFAOYSA-N,CC(C)(C)N1N=CC2=C(NCC3=CC=CC([N+](=O)[O-])=C3)N=CN=C12,-5.158
KLJLHGBIIGYVMV-UHFFFAOYSA-N,O=S(=O)(NC1=C2C(=CC=C1C1CCCC1)N=CC=C2)C1=CC=C(Br)C=C1,-6.327
GWYSKADJFXQKRX-GFCCVEGCSA-N,CCCNC(=O)[C@H]1CC2=C(SC3=CC=CC=C23)CN1,-3.166
YNYWZJHDGUKXRP-UHFFFAOYSA-N,FC1=CC=C(N2CCN(C3CCC4CCCCC4C3)CC2)C=C1,-3.574
IDJVQGABBCXBQJ-UHFFFAOYSA-N,ClC1=CC=C(CN2CCN(CC3=CC=C(C4=CC=NC=C4)C=C3)CC2)C=C1,-3.563
HTMCBXLLCSRXLQ-GHMZBOCLSA-N,CC1=NC2=CN=C3NC=CC3=C2N1[C@@H]1CCC[C@@H](O)C1,-2.627
QJRMHUGQHIMVQS-UHFFFAOYSA-N,COC1=CC2=C(C(=O)N(NC(=O)C3=CC=CC(F)=C3)C(C3CCC3)=N2)C=C1OC,-6.602
ZPTKNFQNGXAKOY-ZWKOTPCHSA-N,CC1=CC=CC(C(=O)N2C[C@@H]3CCN(C4=CC=CN=C4)C[C@@H]3C2)=C1,-3.418
USKWMNFMQYXZEE-UHFFFAOYSA-N,CC1=CC=C(C2=NN(C3=NC(=O)CS3)C(C3=CC=CC=C3C)C2)C=C1C,-6.134
XPXAXOSDACKJES-SANMLTNESA-N,O=C1N[C@@](C2=CC=C(OCCCC(F)(F)F)C=C2F)(C(F)(F)F)CC(C2=NN(CC3CCC3)C=C2)=C1C(=O)NS(=O)(=O)C1(=O)C1CC1,-7.054
XKMULHOCWAMMBP-FQNRMIAFSA-N,COC1=CC=C(C2=NOC(C(C)NC3=NC=CC(N4C(=O)OC[C@@H]4C(C)C)=N3)=N2)C=C1,-4.964
FNNJASPFRMWKET-SAPNQHFASA-N,CCN(CCCCCN(C(C)=O)C(=O)/C=C/C1=CC=C([N+](=O)[O-])C=C1)CC1=CC=CC=C1,-5.503
KGTBRJGLKSVMHE-UHFFFAOYSA-N,O=C(OCC1=CC2=CC=CC=C2N=C1O)C1CCCCC1,-4.618
AVZYAMPJJDVPDJ-UHFFFAOYSA-N,O=C1C2=C(NC(=S)NC2C2=CC=CC(CO)=C2)C2=CC=CC=C12,-4.487
HRCVWKBCORXYFS-URYOQJBYSA-N,OC(CNC[C@H]1CC[C@H](C2=C3N(N=N2)C=NC2=C3C=CN2)CC1)C(F)(F)F,-2.857
WEQABXWZNYHDKJ-UHFFFAOYSA-N,CCOC(=O)CCCOC1=CC(C(N)=O)=CC2=CC=CC=C12,-3.901
OJUYFGQEMPENCE-DPKHZRJYSA-N,C[C@@H]1[C@H]2C3=CC[C@@H]4[C@@]5(C)CC[C@H](O)C(C)(C)[C@@H]5CC[C@@]4(C)[C@]3(C(=O)O)CC[C@@]C[C@@]2(C(=O)O)CC[C@H]1C,-5.8
SXVBXGBNSHBDSE-IRXDYDNUSA-N,O[C@H]1CN(CC2=CC=C3C(=C2)OCCO3)CC[C@@]12CCCO2,-1.892
LSFBCBMXEQIMMD-LWOKBORYSA-N,CC1=CN([C@H]2C=C[C@@H](COP3(=O)OCC4=CC(C=O)=CC(C(C)(C)C)=C4O3)O2)C(=O)NC1=O,-4.639
HPAJZDBVRCACEQ-UHFFFAOYSA-N,O=C(O)C1=CC=C(NC2=NC=C3NC(=O)N(C4=CC=CC=C4)C3=N2)C=C1,-5.154
VXAOVZOZTWLVDB-BJMVGYQFSA-N,O=C(/C=C/C1=CC=CC=C1Cl)NC1=CC=C(O)C=C1,-4.624
YDGKDSADZLCGDB-UHFFFAOYSA-N,CC(C)(C)C1(O)CCN(CC2C3=CC=CC=C3CCC3=CC(Cl)=CC=C23)CC1.Cl,-4.931
SFICTTTWDKGKCQ-BAGYTPMASA-N,O=S(=O)(C1=CC=C(Cl)C=C1)N1[C@H](C2CC2)CCC[C@@H]1C1(CC2=NC(CN3CC[C@@H](O)C3)=NO2)CC1,-4.723
OVRBESMHEIRVHO-NCHKGXLSSA-N,CC1(C2=CC=CC=C2)CN([C@H]2CC[C@H](N3C(=O)NC4=CC=CC=C34)CC2)C(=O)O1,-5.282
LKHZFAIMPYYKTE-UHFFFAOYSA-N,CC1=C(CC#N)N2C(=N1)C(OCC1=CC=C(F)C=C1)=CC=C2,-5.39
CBSITSBNYVZQPA-QFIPXVFZSA-N,O=C(NC1=CC=CC(F)=C1)[C@H](CSCC1=CC=CC=C1)N1CC2=CC=CC=C2C1=O,-6.677
OZAWTZZRKOWGKL-UHFFFAOYSA-N,COCCCCC1(O)C2=NCCCN2C2=CC=CC=C12,-2.625
PUJLWVRCHNDSJW-KAMYIIQDSA-N,CCOC1=CC=C(/C=C2\SC(=O)N(CCN(C)C)C2=O)C=C1,-2.839
DGIPVFGDVQXNMS-UHFFFAOYSA-N,CCC(C1=CC=C(O)C=C1)C(CC(=O)OC)C1=CC=C(O)C=C1,-4.7
VNBLTQXCUPGATI-UHFFFAOYSA-N,CCCCC1=NC2=C(C(=O)N(C(C(=O)N(C)C)C3=CC=CC=C3)C=C2)N1CC1=CC=C(C2=CC=CC=C2C2=NNN=N2)C=C1,-7.238
SUXOZCRIFFHZCQ-LJKQEARRSA-N,C[C@@H]1CN([C@H](C)CO)C(=O)C2=CC=CC(NC(=O)NC3=CC=C(C(F)(F)F)C=C3)=C2O[C@@H]1CN(C)S(=O)(=O)C1=CC=C(Cl)C=C1,-6.423
UBHIMYZBBAMECQ-JVSIBSRASA-N,C[C@]12CC[C@H]3[C@@H](CC[C@H]4NC(=O)CC[C@]34C)[C@@H]1CC[C@@H](N1C=NC3=C(NN)N=C(Cl)N=C13)O2,-4.813
JWNMGKQDLNIYHE-UHFFFAOYSA-N,CCOC(=O)C1=NOC2=C1C(=O)N(CC(=O)NC1=CC=CC=C1OC)C=N2,-3.965
MAQXTRHEMFUBDA-UHFFFAOYSA-N,O=C(C1=NC=CS1)N1CCN(C2CN(C(=O)C3=C(Cl)C4=CC=C(C(F)(F)F)C=C4S3)C2)CC1,-5.806
GPKFTSBUGGLSHC-BRWVUGGUSA-N,C=CCN1CC[C@@]2(C3=CC=CC(O)=C3)CCC[C@@H]1[C@H]2O,-2.248
BYSBXIPCDJNEBG-INIZCTEOSA-N,N[C@@H](CCC(=O)NC1=CC=C(OCC2=CC=CC=C2)C=C1)C(=O)O,-3.017
ZRSZKEIYSAGNBN-UHFFFAOYSA-N,ClC1=CC=CC(CN2C3=CC=CC=C3C3=CC(CNCCCCCCNCC4=CC5=C(N(CC6=CC=CC(Cl)=C6)C6=CC=CC=C56)C=N4)=NC=C23)=C1,-7.057
GVQZPPYXSNWJHN-ROUUACIJSA-N,CCCCCNCC[C@@H]1CCC[C@@H]1CCCCCCC(=O)O,-4.349
XXCUGSZWHARNTF-UHFFFAOYSA-N,CCCOC(=O)C1=CC=C(NC(=O)C2=C(C)ON=C2C2=CC=CC=C2)C=C1,-6.133
UETQYGACINQVKI-UHFFFAOYSA-N,CC1=CC=CC=C1C1=NC2=CC(N)=CC=C2O1,-3.944
VXJMKKDFKLQCQL-KRWDZBQOSA-N,COC1=NSC(N2CCC3(CCN(C[C@H](O)C4=CC=C5C(=C4C)COC5=O)CC3)C2=O)=N1,-3.649
ULHSXWIYINWWCK-UHFFFAOYSA-N,CC1=CC(=O)N(C2=CC(Cl)=CC(Cl)=C2)C1=O,-4.227
PNYHUCVZDPPOTQ-UHFFFAOYSA-N,CCN1CCCC1CNC(=O)C1=C(OC(C)C)C=CC=C1OC(C)C,-3.282
BRQHOFBHPKKIHA-UHFFFAOYSA-N,CC1=CC=CC=C1C(OC1=CC(OCC2=CC=CC=N2)=CC=C1C#N)C(=O)O,-5.693
AIVYERHOQDMJPY-UHFFFAOYSA-N,FC1=CC=C(C2CC(C3=CC=CC=C3)N3N=CN=C3N2)C=C1,-4.443
JFWNERIMAUEHNN-MRXNPFEDSA-N,N[C@H](CC1=CC=C(Cl)C=C1Cl)C(=O)N1CC2=CC=CC=C2C1,-3.943
YVYTXXAKCRMLAS-UHFFFAOYSA-N,COC(=O)C(C)(C)CN1C(=O)N/C(=N\C2=CC=C3C(=C2)C=CN3CC(C)C)N(CC2=CC=C(Cl)C=C2)C1=O,-7.317
XAGBKVQEHQHFIF-YKSBVNFPSA-N,COC(=O)[C@H]1CN(CCC(=O)N2CCCCC2)CC[C@H]1CCC(=O)C1=CC=NC2=CC=C(OC)C=C12,-4.041
RCTWKMMYYMPUFN-UHFFFAOYSA-N,CCCC1=CC(=O)OC2=C3C(=C4C(=C12)OC(C)C=C4)OCC(C)C3=O,-5.51
CJBSJFLJYYGYKO-UHFFFAOYSA-N,O=C(OC1CS[S+]([O-])C1)C1=CC=CC(Br)=C1,-3.126
DIOINDUDAISFQH-UHFFFAOYSA-N,CC(C)(C)OC(=O)C1=C(N)SC2=C1CCCCC2,-4.705
FUEDAQQFJXCSMM-UHFFFAOYSA-N,CC(C)NC(=O)C1=CC=CC=C1NC(=O)CC1=CC=C(Br)C=C1,-5.03
DREYZGCIOLBBDK-UHFFFAOYSA-N,CC1=C(C2=CC=C(OCCCN3CCCC3)C=C2)OC2=CC=CC=C2S1,-5.106
FNHSXSFGOZAWBM-UHFFFAOYSA-N,CC(=O)NC1=NN=C(CSCC2=CC=CC=C2F)S1,-4.406
DKDDVQGTCDYMBJ-UHFFFAOYSA-N,CC1=NN=C(SCC(=O)NC2=C(C(N)=O)C=CS2)N1CC1=CC=CC=C1,-4.281
DEQYSMOBGAWMAL-UHFFFAOYSA-N,COC(=O)C1C(=O)NCC1C1=CC=C(OC)C=C1,-2.443
FTZUJTIVZAUIDZ-UHFFFAOYSA-N,CN1N=C(C(=O)OCC(=O)NCC2=CC=C(Cl)C=C2)C2=CC=CC=C2C1=O,-4.765
CIOQUUUMMYPGKD-UHFFFAOYSA-N,CC(C)C1=CC=C(N2C(=O)C3=CC=CC=C3C2=O)C=C1,-4.569
KAMDIPZCMWRTLU-QXMHVHEDSA-N,CCCCCCC/C=C\CCCCCCCC(=O)OC(COC(C)C)COP(C)(=O)F,-5.3
ZTJBRLHJSDGEDC-WYXQGNMASA-N,CC(C)OC(=O)[C@H](C)NP(=O)(OC[C@H]1O[C@@H](N2C=CC(=O)NC2=O)[C@](F)(Br)[C@@H]1O)OC1=CC=CC=C1,-3.834
IUPDIFIBOIPXEL-UHFFFAOYSA-N,CC(C)N1N=CC=C1NC(=O)NC1=CC=CC=C1,-2.93
BDKCBNKKZXWGBC-UHFFFAOYSA-N,O=C1NCC2=CC(C#CC3=CC=C(F)C=C3)=CC=C12,-5.183
QIMIUNGNQNMMLJ-UYDCODMTSA-N,COC(=O)[C@@H](C)CC(=O)C[C@@H](C)C1=CC[C@@]2(C)[C@@H]3CC[C@H]4C(C)(C)[C@@H](O)CC[C@]4(C)C3=CC[C@]12C,-6.683
STUATAGTAUNARV-UHFFFAOYSA-N,CC1=CC=C(CN2C(C(C)NC3=NC(C4=CC=C(F)C=C4)=CS3)=NC3=CC(C(=O)NCCCO)=CC=C23)C=C1,-6.362
OMSHDEAJFKOTEV-UHFFFAOYSA-N,O=C(NC1=CC=CN(CC(=O)N2CCOCC2)C1=O)C1=CC=CC=C1,-2.975
HOBIGNJHUKZOQX-UHFFFAOYSA-N,CC1=NOC(C)=C1C(=O)N(C)CC1=NC(C2=CC=CC=N2)=NO1,-3.08
UEPMBFDUHOWDCI-UHFFFAOYSA-N,O=C(NC1=NN=C(N2CCC(N3CCCCC3)CC2)S1)NC1CCCC1,-3.388
UKYXZPJSWMKPCU-UHFFFAOYSA-N,CSC1=C(C2=CSC(NC3=CC=CC(C)=C3C)=N2)C=C(C(=N)N)S1,-4.952
IIBLTCQPIQYFIA-UHFFFAOYSA-N,CC1=CC=C2N=C(NC3=NC=C4C(=N3)CC(C)(C)CC4=O)N=C(C)C2=C1,-5.61
CBUCIBLCFPXWRB-UHFFFAOYSA-N,CC1(C)CC(NC(=S)NC2=CC=CC=C2)C2=CC(F)=CC=C2O1,-6.272
PPPOUAQYRUUFNJ-RXVVDRJESA-N,COCCOC1=CC2=NC=C(C3=CC=C4C=CC=C(O[C@H]5CCNC[C@@H]5F)C4=N3)N2C=C1,-4.725
MCALIAMJFSHRDW-UHFFFAOYSA-N,CCOC(=O)C1=CC=CC=C1NC(=O)CSC1=NN=C(CC2=CC=CN2C)N1C1=CC=C(F)C=C1,-7.047
QPHHZIMEKMJFMS-UHFFFAOYSA-N,O=P1(OC2=CC=CC=C2)NNP2(=NP(Cl)(Cl)=NP(Cl)(Cl)=N2)NN1,-3.555
QGOKHJLXPOTHNJ-YRNVUSSQSA-N,COC1=CC=C(/C=C/C(=O)NCCC2=CC=C(OC)C(OC)=C2)C=C1,-4.14
YGFPCFVUUSLJRZ-UHFFFAOYSA-N,CC(C)C1=CC=CC(C(C)C)=C1NC(=O)NCC1(C2=CC=C(N(CCO)CCO)C=C2)CCCC1,-4.676
ZHTZIUSLOIZPHL-KNTDEHBRSA-N,COC1=CC=C2C3=C1O[C@H]1[C@]4(OC)CC[C@@]5(C[C@@H]4CNC(=O)/C=C/C4=CC=CC=C4)[C@@H](C2)N(C)CC[C@]315,-4.749
NMSIJMKFXSWEOR-UHFFFAOYSA-N,CC(=O)NC1=CC=C(S(=O)(=O)N(C)CC(=O)OC(C)C(=O)NC2CCCC2)C=C1,-3.778
ZZNGBIBRJZOOQT-UHFFFAOYSA-N,CC1=NN(C2CCS(=O)(=O)C2)C(C)=C1CN(C)C(=O)C1=CC=CC=C1,-3.896
JYEYMCMIADJBBB-DJKKODMXSA-N,O=C(O)C1=CC=CC=C1O/N=C/C1=CC=CC(C(F)(F)F)=C1,-4.735
HIOWDZZIBUXEHQ-UHFFFAOYSA-N,ClC1=CC=CC(C2ON=C(C3=CC=CC=C3Cl)O2)=C1,-5.522
ZOQHBTXVQKGTDU-UHFFFAOYSA-N,CC1(C)NC(N)=NC(=N)N1OCCCOC1=CC=CC(Cl)=C1,-3.41
VGXAUABGTLEXCN-UHFFFAOYSA-N,CCSC1=NN=NC2=C1SC1=NC(N3CCOCC3)=C3C(=C21)CCCC3,-5.164
ISYQRUPHFNFRMZ-UHFFFAOYSA-N,C1=CC=C(CN(C2=CC=C3NC=CC3=C2)C2CCCNC2)C=C1,-3.128
NYEUCFWPMRQBAH-QFIPXVFZSA-N,O=C(O)COC1=CC=CC2=C1CC[C@H](CN1C=C(C(C3=CC=CC=C3)C3=CC=CC=C3)C=CC1=O)C2,-7.262
CZQJZCHADYYLAF-FDDCHVKYSA-N,COC1=CC=C(OC[C@@]2(C3=CC=CC=C3)C[C@H]2C(=O)NC2=NOC(C)=C2)C=C1OC,-6.206
BSZYGMJIKVVIQH-UHFFFAOYSA-N,CC(=C(C1=CC=CC=C1)C1=CC=CC=C1)C1=CC=C([S+](C)(=N)[O-])C=C1,-1.624
SEBALDIRDDKSDU-UHFFFAOYSA-N,N#CC1=CC=CC(C2C3=C(CCC3=O)NC3=C2S(=O)(=O)CC3)=N1,-4.064
KGIUTIANTQIKIP-GXDHUFHOSA-N,CC(=O)N1CCN(C2=NC(=O)/C(=C\C3=CC=CC=C3O)S2)CC1,-2.983
UPTUKJDQDVLZKI-UHFFFAOYSA-N,O=C1C2=CC=CC=C2N=C(C2=CC=C(OS(=O)(=O)O)C=C2)N1CCCCN1C=C(CN2C(C3=CC=CC(OS(=O)(=O)O)=C3)=NC3=CC=CC=C3C2=O)N=N1,-5.46
YUTIWGCQKKKLLJ-UHFFFAOYSA-N,CN(C)C1=CC=C2N=C(N)N=C(N)C2=C1Cl,-2.824
BSBPRYCGNNRLJB-LUEVFRQOSA-N,CC(C)C[C@H](NC(=O)OCC1=CC=CC=C1)C(=O)N[C@@H](CCC(=O)O)C(=O)N[C@H](C(=O)NN(CC(=O)O)C(=O)/C=C/C(=O)OCC1=CC=CC=C1)[C@@H](C)O,-3.607
KHPCIHZXOGHCLY-UHFFFAOYSA-N,NC1=CC=C(C2=CN=C(N)C(C3=CC=C(Cl)C=C3)=C2)C=N1,-4.668
SMXTVTKALJLBPD-UHFFFAOYSA-O,CNC1=CC(/C=C/C2=C(C)NC3=CC=CC=C23)=[N+](C)C2=CC=CC=C12,-5.254
VDHGNLSURRPLAT-LOSJGSFVSA-N,O=C(N[C@@H](C(=O)N1CCC[C@H]1C(=O)NC1=NC(C2=CC=CC=C2)=CS1)C1=CC=CC=C1)C1CCCCC1,-6.616
XNIBFPUVFRGWGS-UHFFFAOYSA-N,CC1=C(OCC(=O)N(C)C2=CC=CC([N+](=O)[O-])=C2)ON=C1C(F)(F)F,-5.332
ATOOTTCWUJAOSU-UHFFFAOYSA-N,CC1=C(C(=O)CNC2=NC=CS2)[N+]([O-])=C2C=CC=CC2=[N+]1[O-],-2.349
KCXGPDFLJSOKIZ-UHFFFAOYSA-N,CCSCC1=C(C)NC(=O)C(I)=C1SC1=CC(C)=CC(C)=C1,-7.328
OFXXBNQORFRNFR-UHFFFAOYSA-N,OCCC1CN(CC2=CC3=C(C=C2Cl)OCO3)CCN1C1CCCC1,-2.489
BVHSBJDVWQILPE-UHFFFAOYSA-N,C1=CC=C2C(=C1)C1=C(N2CCCN2CCCCC2)CN(CCCC2=CC=NC=C2)CC1,-3.837
FYSGPFWNLRRMDV-UHFFFAOYSA-N,CCC(=O)N(CC1=CC(C(F)(F)F)=CC(C(F)(F)F)=C1)CC1=CN=CC=C1C1=CC=CC=C1,-6.908
AGOWKCMZPBOODJ-UHFFFAOYSA-M,COC1=CC=C2C(=C1)C1=CC(OC)=C(OC)C=C1C1=CC3=[N+](C=C21)CCC3.[Cl-],-2.002
FHPWCQUOKSJMMO-VGSWGCGISA-N,CC1=CN2N=C([C@@H]3CCCCN3C(=O)C3=CC(Cl)=CC=C3NS(C)(=O)=O)C=C2N=C1N1CC[C@H](C#N)C1,-6.187
BIHWLSDQBFEANX-UHFFFAOYSA-N,NC1=NC(N)=C2C(C3=CC=CC=C3)=C(C3=CC=C(Br)C=C3)NC2=N1,-5.477
BXSVKKGVTBCQAK-UHFFFAOYSA-N,COCCC1COC2(CCN(C(=O)C3CCCCC3)CC2)C1,-2.929
YWHFBAAAAXXROH-UHFFFAOYSA-N,NCCCN1C(=O)C2=C(N=C3C=CC=CN23)N(CC2=CC=CC=C2)C1=O,-3.225
YRWHBNJWWWTHNR-UHFFFAOYSA-N,O=C1CN(C2=CC=CC=C2)C(=O)C1C(=O)NC1=CC=C(Cl)C(Cl)=C1,-6.172
MVAFKBZHAUFYDN-UHFFFAOYSA-N,CC1=CC(NC2(C(F)(F)F)N=C(C3=CC=CC=C3)NC2=O)=NO1,-4.473
IYRJIIMFVYIBHM-VAWYXSNFSA-N,CCOC(=O)N1CCN(C(=O)/C=C/C2=C3C(=CC4=CC=CC=C24)C=CC=C3)CC1,-4.804
HRYFKEPDIFHNOB-UHFFFAOYSA-N,CC(C)NC1=C(C(N)=O)N=NC2=CC(C3=CN(C)N=C3)=CC=C12,-3.586
CEABOPNBUPCARX-UHFFFAOYSA-N,CCOC1=CC=CC=C1CNC(=O)C1=CC=CN1C1=NN=C(N2CCCCC2)S1,-5.052
RIWLBIRNODUKPF-UHFFFAOYSA-O,CC(=O)NC1=CC=C(OCC[N+]2=CC=CC(C(N)=O)=C2)C=C1,-2.236
HFBMDIULZYYHMK-UHFFFAOYSA-N,CN(C(=O)C1=CC=CC=C1Cl)C1CCCCC1,-3.937
IFGYDSLRAALKHK-ILBGXUMGSA-N,O=C(NC1=CC=C2C=CC=CC2=C1)O[C@@H]1CC2=C(O)C=C(O)C=C2O[C@@H]1C1=CC(O)=C(O)C(O)=C1,-6.521
JAKMBNUDCZLPEN-UHFFFAOYSA-N,CC(C)C1=CC=C(C2=C(C#N)C(N)=NC(SCC(=O)N3CCCCCC3)=C2C#N)C=C1,-6.442
ILQUXOGWNWWOSH-BTJKTKAUSA-N,CC(CCC1=CC=CC=C1)NCCC12CC3CC(CC(C3)C1)C2.O=C(O)/C=C\C(=O)O,-4.554
QCEFOIDJHJPYIB-MDWZMJQESA-N,CC12CCC(C/C1=N\NC(N)=O)C2(C)C,-2.126
CTICJGZXKHCHST-IUPBHXKESA-N,C[C@H]1O[C@@H](COC(=O)C2=CC=CC=C2)O[C@@H]1N1C=C(F)C(N)=NC1=O,-3.356
AEBGVVBYFUZUED-UHFFFAOYSA-N,COC1=CC=C(C2=CC=C3C=CC(OC)=CC3=[O+]2)C=C1,-5.23
ZZWJASQZCDWPFG-UHFFFAOYSA-N,CCN1N=CN=C1CN1CCC(CNC(=O)C2=CC=CC(C)=N2)C1,-2.258
VRYMTAVOXVTQEF-UHFFFAOYSA-N,CC(=O)OC1=CC(C(C)C)=C(OCCN(C)C)C=C1C,-2.851
XTJRPOFKSXCKPF-UHFFFAOYSA-N,NC1=NC2=C(C(C3=CC=CC=C3)=C(C3=CC=CC=C3)N2)C(=O)N1,-5.908
BKDMICIBSRKEST-UHFFFAOYSA-P,C[N+]1(CCC(=O)NC2=CC=C3C(=C2)C(=O)C2=CC(NC(=O)CC[N+]4(C)CCCCC4CO)=CC=C32)CCCCC1CO,-2.351
MFOZPYTUDQEMMW-UHFFFAOYSA-N,O=C(CCCCN1CCN(CC2CC(=O)C3=C(OC=C3)C2)CC1)C1=CC=C(F)C=C1,-3.367
DWEBYMJLRCWIRS-UHFFFAOYSA-N,CNC1=NC2=CN(C3=CC=CC(OC)=C3)C(=O)C2=CN1,-4.172
QXXWFWUGWOXHGQ-UHFFFAOYSA-N,CC(CN1C=CC=N1)NCC1=CSC(C2=CC=C3C(=C2)OCO3)=N1,-3.249
TZZNDQGUMPILBH-SEYXRHQNSA-N,COC(=O)O/C(=C1\C(=O)N(C(N)=O)C2=CC(Cl)=C(F)C=C12)C1=CC=CS1,-6.276
UOUNOYWIBROXIZ-FBCYGCLPSA-N,CCOC1=CC(Cl)=C(Cl)C(/C=N/C2=CC=C3NC(=O)NC3=C2)=C1O,-6.537
VQCCNHUJVQLJNN-UHFFFAOYSA-N,O=C(C1=CC=C(C2=CC3=CC(Br)=CC=C3OC2=O)N=C1)C1=CC=CC=C1O,-7.158
QYMYUAYALRNHHU-ULIFNZDWSA-N,CCC1=NC(N)=NC(N)=C1C1=CC=C(Cl)C(/N=N/N(CCOC(C)=O)CC2=CC(OC)=C(OC)C(OC)=C2)=C1,-7.287
GWWSLIWDJZAGKA-UHFFFAOYSA-N,O=C(C1CC1)N1N=C(NC2CCN(CC3=CC=C4C(=C3)OCO4)CC2)C2=CC(Cl)=CC=C12,-5.746
FOHMSRQIKUEZRX-UHFFFAOYSA-N,C=CC(=O)NC1=CC=CC(NC(=O)NC2=CC=NC(NC3=CC=C(C(=O)N4CCOCC4)C=C3OC)=N2)=C1,-5.712
IKTXFVMZQNCZAK-UHFFFAOYSA-N,COC(=O)N1CCC2(CC1)CCN(C1=NC=CC=N1)CC2,-1.945
LHXYNDSGEDISEA-UHFFFAOYSA-N,CC1=NNC(NCC(=O)C2=CC=C(O)C(O)=C2)=C1,-2.789
JMFZKYABNMMQHH-UHFFFAOYSA-N,CN1C=CC2=CC(OCC3=CC=CC=C3)=CC=C12,-4.122
RBUPRJXZXKZIJL-UHFFFAOYSA-N,CCOC1=CC(C)=NC(N2CCCC(C(=O)NCC3=CC=CC=C3F)C2)=N1,-4.766
CLADDPQXBLSTPP-UHFFFAOYSA-N,OC1=CC=C2C(=C1)CCC1=C2ON=C1C1=CC=C(O)C(O)=C1,-4.426
YPFVCLDHXMFUMX-UHFFFAOYSA-N,COC(=O)C1=C(C)NC(C)=C1C1=CC=C(C)C=C1,-4.598
FKVJZEWHJURNAD-BHDDXSALSA-N,CCCCOC1=CC=C([C@@H]2C3=CC=CC=C3[C@H]3NCCC[C@@H]23)C=C1,-5.057
UNIOWGGELLSLOW-UHFFFAOYSA-N,ClC1=CC=C(CC(CN2C=CN=C2)C2=CC=CC=C2Br)C(Cl)=C1,-5.713
UPYLUSZZUKVKLC-UHFFFAOYSA-N,COC1=CC2=C(OC3=CC=C(NC(=O)C4=C(C)N(C5=CC=C(OC(F)(F)F)C=C5)C(=O)N4C)C=C3F)C=CN=C2C=C1OCCCN1CCC(C)CC1,-8.023
XXMPVCYKUFBEQL-UHFFFAOYSA-N,CC1=C(C(=O)NC2=NC(C3CCC3)=C(N3CCN(C)CC3)S2)C=NN1C(C)(C)C,-3.761
QNCNODDNQFHTAE-ZEMYGLBYSA-N,C[C@]12CC[C@H]3[C@@H](C[C@@H]4O[C@@]45C[C@@H](O)CC[C@]35C)[C@@H]1CC[C@@H]2O,-3.553
SECBYWGLDGHJLN-UHFFFAOYSA-N,O=C(CN1N=C(CC2=CC=CC=C2)C2=CC=CC=C2C1=O)NC1=CC=CC(C(F)(F)F)=C1,-7.625
WCBHWWCRMPMBTH-UHFFFAOYSA-N,C1=CC(CN2CCNCCCNCCNCC2)=CC=C1CN1CCNCCCNCCNCC1,-0.606
GDCWMJWWRYTXNY-UHFFFAOYSA-N,CC(C)C(=O)NC1=CC=C2N=C(C3=CC=CC(Cl)=C3Cl)OC2=C1,-6.739
RWDSZWNVYRUBLM-UHFFFAOYSA-N,COC1=C(C2CCC2)C=CC(C2=NC=C(N)N=C2C#N)=C1F,-5.313
YCBVYRSRHHEJAL-MLNSLSNSSA-N,C#CCCOC(=O)/C=C(C)/C=C/CC(C)CCCC(C)(C)OC,-5.701
XUSDPLZITNXIBP-UHFFFAOYSA-N,CCOC1=CC2=[N+]([O-])C(C)(C)[N+]([O-])=C2C=C1,-1.097
FANFUDBBDAWKMK-LHWQALLBSA-N,N=C1C2=C(SC=C2)N=C2N1CC/C2=C\C1=CC=CC=C1Br,-5.114
LGNRWEUQQPIDQM-UHFFFAOYSA-N,COC1=CC=C2C(=C1)CC(C1=NC3=C(F)C=C(C4=CC=NC(N)=N4)C=C3N1)CO2,-6.488
NSCLZWBWQLOXFQ-UHFFFAOYSA-N,CSCCNC1=C(F)C(=O)C2=C(F)C(F)=C(F)C(F)=C2C1=O,-5.764
PVPJLZORNPIRDJ-UHFFFAOYSA-N,O=C(COC1=CC=CC=C1C(=O)NC1=CC=CC=C1)NC1=CC=C(C2=CC=CC=C2)C=C1,-8.068
HHWIWTYLCSYMPN-UHFFFAOYSA-N,NC1=NC(N)=C2C=C(S(=O)(=O)NC3=CC=C(Cl)C(Cl)=C3)C=CC2=N1,-5.351
RGKVPYQYBUAAEH-UHFFFAOYSA-N,CCCN1C(C2=CN=C(NC3=CC=C(C)N=C3)C(Cl)=C2)=NC2=CC=CC(Cl)=C12,-7.525
VTRFEMUYHTXFEQ-UHFFFAOYSA-N,CN(CC1=CC=CC2=CC=CC=C12)CN1N=C(C2=CC=NC=C2)OC1=O,-4.242
QDFOYTHIYBSDPW-RGAOVNQFSA-N,O=C(N[C@@H](CSCC1=CC=CC=C1)C(=O)NC1=CC=C(C2S/C(=N\C3=CC=CC(F)=C3)N(CC3=CC=CO3)C2=O)C=C1)OCC1=CC=CC=C1,-8.07
YZQZXLROYFNFQE-QTGUNEKASA-N,CN1CC[C@]23CCCC[C@H]2[C@H]1CC1=CC=C(OC2=CC=CC=C2F)C=C31,-5.465
PRGIOMDFWSHPTC-QPEQYQDCSA-N,O=C(CN1C(=O)/C(=C/C2=CC=CO2)SC1=S)NC1=CC=C(C(=O)O)C(O)=C1,-4.727