Smiles, InchIKey
CCCCNC(=S)N/N=C/C1=C(C)C=CS1, SUTWUYBMBWPLMW-MDWZMJQESA-N
CN1C(SCC2=NC(C3=CC=CS3)=NO2)=NN=C1C1CCCCC1, RIYHJWOTNJXDLV-UHFFFAOYSA-N
O=C(O)CC(NC(=O)C1=CN=CC=N1)C1=CC=CC=C1Cl, OGNBARHGQVMGGX-UHFFFAOYSA-N
O=S(=O)(C1=CC=CC=C1)N1CCN(C2=NOC3=CC=CC(Cl)=C23)CC1, WQEXDIRUOYNDCM-UHFFFAOYSA-N
CCC[C@@H](C)N(C1=CC(Cl)=CC=C1CO)S(=O)(=O)C1=CC=C(C)C=C1, YEGVLLQDOGYWDQ-OAHLLOKOSA-N
CN1C(=O)C2=C(N=C(N3CCC[C@@H](N)C3)N2CC2=CC(F)=CC=C2Cl)C2=CC=C(C(=O)O)C=C12, CSYFJLPYVQTDCQ-MRXNPFEDSA-N
CNC(=O)C1=CC=CC2=C1N=C(C1=CC=CC=C1O)N2CC1=CC=CC=C1, JGGVCLFLOLHMSW-UHFFFAOYSA-N
C[C@]12CC[C@H](S)C[C@H]1CCC1C3=CC[C@H](C4=CC(=O)OC4)[C@@]3(C)CCC21, AKVQZCLFNIRFEL-UDISHMIDSA-N
CC1=C(C(=O)OCC2=CC=CC=C2)C(C2=CC=C(C3=CC=CC=C3C)C=C2)NC(=S)N1CCCCCC1=NN=NN1, QCIMKMDGHYXCEB-UHFFFAOYSA-N
CC(C)CC1=CC(C(=O)NCC2=CC=CN=C2)=NO1, SDKIBDZIDPFNHT-UHFFFAOYSA-N
COC(=O)CC1NN=C2N(CCN2C2=CC=C(Cl)C=C2)C1=O, CGVTXIMVAPAPNK-UHFFFAOYSA-N
CCN1C2=NC=C(COC3=CC=CC(C(=O)O)=C3)C=C2C(=O)N(C)C2=CC=C(Cl)N=C12, LWTPUALMLDLRFE-UHFFFAOYSA-N
CC1=C(NC(=S)N/N=C\C2=CC=CC=C2O)C(=O)N(C2=CC=CC=C2)N1C, OAGNFKCWXVXZJD-NDENLUEZSA-N
C[C@@H](O)C1=NC(C2=NC(C3=NC(CO)=CS3)=CS2)=CS1, YBVUWGYHDUMFEA-ZCFIWIBFSA-N
CCCCCCCCCCCC(=O)CCCC, GASJOQPNNSMIFF-UHFFFAOYSA-N
C=CC1=C(N)N=CN=C1N1CCC(C2=NC(C3=CC=C(C(F)(F)F)C(F)=C3)=CN2CCN2CCCC2)CC1, LTLAIOBQBYOIBO-UHFFFAOYSA-N
O=C1/C(=N/C2=CC=C(O)C=C2)C(Cl)=C(O)C2=CC=CC=C12, SWVJYUGDITUJRT-NBVRZTHBSA-N
O=C(O)CC[C@H](NC(=O)C1=CC=CC(C2=CC=CC=C2)=N1)C(=O)N1CCN(C(=O)OCCCC(F)(F)F)CC1, OBULHRRJFXTYED-NRFANRHFSA-N
CC(=O)NC1=C2C(=NN1C1=CC=CC=C1)C[S+]([O-])C2, YVKRFZYIMJJBFA-UHFFFAOYSA-N
O=C(O)CSC(C(=O)NC1=CC=C(Cl)C=C1)C1=CC=CC=C1, QEYOHPDHFPXPHI-UHFFFAOYSA-N
O=[N+]([O-])/N=C1\NCCN1CCCCl, GPOFEGFXZJVBAV-UHFFFAOYSA-N
CCC1=CC2=C(C3=C(C(=O)N2)C=NN3C2CCC2)C=C1C(=O)N1CCN(CCC(F)(F)F)CC1, JLCVKQHIFSBODF-UHFFFAOYSA-N
O=C1C2=CC(Cl)=CC=C2C2(C3=CC=CC=C3)SCCN12, HFHMTIRZGGSTAO-UHFFFAOYSA-N
O=C(O)C1=CC=C(OC/C=C/CN2C(=O)N(C(C3=CC=CC=C3)C3=CC=CC=C3)C(=O)C3=CC=C(N4CCOCC4)C=C23)C=C1, ZQPKBYQQGAQUAK-BQYQJAHWSA-N
CNC(=O)C1=CC(OC2=CC=C(NC(=O)C3=CC=C(OC)C=C3)C=C2)=CC=C1N, PBQDGEKTDHPEJT-UHFFFAOYSA-N
O=C(NCC1CC1)C1=CC2=C(S1)CCN2C(=O)C1=CC=C(F)C=C1, DRFZSNBMKDNIIY-UHFFFAOYSA-N
NC1=NN=C(C2=CC=C3NC=C(C4=CC=CC(O)=N4)C3=C2)S1, SIVHAPVFQQZNKB-UHFFFAOYSA-N
CC(=O)C1=C(C)OC([C@H]2OC[C@@H](N=[N+]=[N-])[C@@H]2Cl)=C1, KEFVSMYJFCKVGF-DVVUODLYSA-N
O=C(O)C1=CC=CC(CN2C(=O)CC(C3=CC=CC=C3)SC3=CC=CC=C23)=C1, MBQZCRIKUPDPSI-UHFFFAOYSA-N
O=C(CCC(NC(=O)C1=CC(Cl)=CC(Cl)=C1)C(=O)N1CCC2(CCCC2)CC1)NCCN1CCOCC1, LZLAWIZBRZSTHY-UHFFFAOYSA-N
CC1=CC=CC2=C1OP(=O)(O[C@H]1C[C@H](N3C=C([125I])C(=O)NC3=O)O[C@@H]1CO)OC2, QDJHBNNBIMGPTN-HRQOGRHRSA-N
CCCCCCCCC1=CC=C(NC(=O)[C@@H](N)[C@@H](O)CC)C=C1, UYCUSHGDWRMTBH-ROUUACIJSA-N
CC(C)N(CCC1(C2=CC=CC=C2)C(=O)NCN2CCCCC12)C(C)C, ZURWTJLUKIDQPW-UHFFFAOYSA-N
COC1=CC=C(C(=O)N2CCC3(CC2)CCN(C2=CC=NC=C2)CC3)C=C1, KPILUSAHPYZUAU-UHFFFAOYSA-N
CNC(=O)CC1=CC=C(C(=O)NC2=CC=CC(C3=CC=C(C4=NC5=CC=CC(C)=C5N4)S3)=C2)C=C1, MWDLEZWHBIBUQF-UHFFFAOYSA-N
CC1=CC(NC(=O)C2=CN=C3C(C(F)(F)F)=CC=CC3=C2O)=NO1, PMFVVLDDNQOBSK-UHFFFAOYSA-N
CS(=O)(=O)N(C1=CC(C(F)(F)P(=O)(O)O)=CC=C1/C=C/C1=CC=CC=C1)S(C)(=O)=O, JUPLUOFUEJQTPN-CMDGGOBGSA-N
O=S(=O)(C1=CC=CC(C2=NN3C(=N2)C2=CC=CC=C2N=C3O)=C1)N1CCCC1, MLXZZQXUAVHVTH-UHFFFAOYSA-N
N#CC1=CC=C(S(=O)(=O)N2CCN(C3=NC=CC=C3C(F)(F)F)CC2)C=C1, OULXRFUMARETNV-UHFFFAOYSA-N
CS(=O)(=O)O.C[C@H]1CN(C2=C(F)C=C3C(=O)C(C(=O)O)=CN(C45CC(C4)C5)C3=C2F)C[C@H]1CN, WOOTYTHCLUCBAN-BQQVRQSRSA-N
CC#CC1=CN=CC(C2=CSC([C@@H]3C[C@@H](C4=C(C)ON=C4C)SC(N)=N3)=C2)=C1, JHXBUZHKTRBUPU-HKUYNNGSSA-N
CCCCC(C)(O)C1CCC(N2C(=O)CC3=CC(OC)=C(OC(C)C)C=C3C2C2=CC=C(Cl)C=C2)CC1, DQUIDHIGYCDUAW-UHFFFAOYSA-N
COC1=CC2=C(N3CCN(C(=O)NC4=CC=C(OC5=CC=CC=C5)C=C4)CC3)N=CN=C2C=C1C, XZKSPTBEYGRIAW-UHFFFAOYSA-N
O=C1C=CC(=O)N1CCNC1=NC=C(C(F)(F)F)C=C1Cl, XRJVXAMPYWOKBH-UHFFFAOYSA-N
Cl.Cl.N#CC1=CC=C(CN2C(CN3CCCC3)=NC3=CC=CC=C23)C=C1, PNKWWEGPNJVDEY-UHFFFAOYSA-N
CC(=O)N[C@@H](CCN)C(=O)N[C@@H](CC(C)C)C(N)=O, NQOFDAVXLYCOSS-UWVGGRQHSA-N
COC1=NC=C(N2CCOCC2)C=C1S(=O)(=O)NC1=CC=NC(C2=CC=C(CN3CCCC3)C=C2F)=C1, UCLODDTXWGYADM-UHFFFAOYSA-N
O=C(NCCCN1C=CN=C1)/C(=C\C1=CC=CN=C1)NC(=O)C1=CC=CC(Br)=C1, YPOJPDVIGNKUGH-XDHOZWIPSA-N
CCO/N=C(\C1=CC=C(Br)C=C1)C1CCN(C2(C)CCN(C(=O)C3=C(C)C=CN=C3O)CC2)CC1, UDYZLBDATCUMND-BGABXYSRSA-N
C=C(C)[C@@H]1CC[C@]2(C(=O)O)CC[C@]3(C)[C@H](CC[C@@H]4[C@@]5(C)CC[C@H](OC(C)=O)C(C)(C)[C@@H]5CC[C@@]34C)[C@@H]12, ACWNTJJUZAIOLW-BWXYOZBYSA-N
CC1=C(NC(=O)C2=CC=CC(C#N)=C2)C=NC2=C1C(C1CCN(C(=O)C3CCOC3)CC1)=CN2C, KHGOSYUXMMBUFD-UHFFFAOYSA-N
O=C(CCC1=NC2=CC=CN=C2N1)NC1=CC=C2C(=C1)OCC(=O)N2, YQKRUFIYOUBDLA-UHFFFAOYSA-N
CCCC[C@H](NC(=O)OC(C(C)C)C(C)C)C(=O)C(=O)NC1=CC=NN1C1CCC1, GMDSYOIQJYEGEH-KRWDZBQOSA-N
CC(=O)NC1=NC=CC(C2=CC(C3=CC=CC=C3)=NO2)=N1, OSZGNMXDUIRKKS-UHFFFAOYSA-N
CCCCCCS(=O)(=O)NC1=CC=C(NC2=C3C(=NC4=CC=CC=C24)C=CC=C3)C(OC)=C1.CS(=O)(=O)O, FXKGOUKRWOCIHB-UHFFFAOYSA-N
COC1=CC=CC=C1C1=CC(C)=C(NC2=CC=NC(NC3=CC=C(C#N)C=C3)=N2)C(C)=C1, AFUGPLVMIXYSOF-UHFFFAOYSA-N
CC(O)C1=CC2=C(S1)C(=O)C1=C(C(C(C)O)=CS1)C2=O, SBHSPVCXPBMFDR-UHFFFAOYSA-N
COC1=CC=CC(C2=CC(C(=O)NC3=CC4=CC=C(OC5CC(C)C[C@@H](O)[C@H]5O)C(C)=C4OC3=O)=CC=C2OC)=C1, PDVPPOQDCVUFMJ-IXXDFCNBSA-N
O=C(O)C1=CC=C(SCC2=CC=CC(F)=C2)C=N1, NFNFUNPPSRQEKS-UHFFFAOYSA-N
CC(C)CCCCCCCCCCCCCCNC1=CC=C(C(=O)O)C=C1, ZJODQSBBDBFFAS-UHFFFAOYSA-N
CC1=C(C2=NN(C3=CC=CC=C3)C(C3=CC=CC=C3)C2)SC(C2=CC=CC=C2)=N1, MNQJBAQJEVQGPF-UHFFFAOYSA-N
CC(NC(=O)C1=CC=C(NC(=O)N2CC3=CC=CC=C3C2)C=C1)C1(C)CC1, PWYXPDSKZHIDIQ-UHFFFAOYSA-N
CC(C)CC1=CC=C(C(C)C(=O)N2CCN(C3=NC=CC=C3C(=O)NC(C(N)=O)C(C)O)CC2)C=C1, MZARYTXBCFQUMR-UHFFFAOYSA-N
CSC1=CC=C(C(=O)N[C@@H](CCC/N=C(\N)N[N+](=O)[O-])C(=O)N[C@@H](CC(C)C)C(N)=O)C=C1, SYLBDRSSIIBAIV-HOTGVXAUSA-N
CC1=C(C)C2=C(SCC3=NN=C(C4=CC=CC=C4)O3)N=CN=C2S1, PNJABCDGUHWOMR-UHFFFAOYSA-N
O=CC1=CC=C([C@H](O)[C@H](O)CO)N1CCC1=CC=C(O)C=C1, OFBWCUWERYAJIG-CVEARBPZSA-N
CC1=CC=C(C)C(NC(=O)CN2N=C(C)C3=CC=CC=C3C2=O)=C1, LMWAGXVZVZCSLJ-UHFFFAOYSA-N
CCCCC(=O)OC1=CC(Cl)=CC=C1OC1=CC=C(Cl)C=C1Cl, PWOKLGVLHXQYNY-UHFFFAOYSA-N
CCOC1=CC=C2N=C(N(CCCN(C)C)C(=O)C3=CC=C4C(=C3)CCCC4)SC2=C1.Cl, AAVNKJHZCQBLFE-UHFFFAOYSA-N
C1=CC2=CC(C3=C(C4=CSC=C4)ON=C3C3=CC=C4C(=C3)OCO4)=CC=C2N1, VDUWUDNNQOTQJY-UHFFFAOYSA-N
CCOC(=O)/C=C/C1=CC(CN2CCN(C3=CC=CC=N3)CC2)=CC(C(N)=O)=C1, GKPVTQTVQVPDLH-VOTSOKGWSA-N
CCOC(=O)CCC1=CC=C(C2=CC=C(OC)C=C2)N1C1=CC=C(C(C)=O)C=C1, YVYVEXJFUOWVCK-UHFFFAOYSA-N
C[C@@]12CC3=CC=CC=C3CCC(CC3=CC=C(O)C=C13)C2N, JUEAHXPWDLGQON-RGKRWLCDSA-N
CC1=CC=CN2C(=O)C3=C(SC(C(=O)NCC(C)C)=C3)N=C12, VBOOWEPYXWAHBC-UHFFFAOYSA-N
CC1=CC=C(C(=O)NC2=CC([N+](=O)[O-])=CC=C2F)S1, LRZXJAOUUBYAPE-UHFFFAOYSA-N
N#CC1=CC=CC=C1C1=CC=C(CN2C(C3=CSC=N3)=NC3=CC=C(Cl)C=C23)C=C1, ZOJSBJMHWGMYNM-UHFFFAOYSA-N
CCOC1=CC=C(C(=O)N/N=C/C2=CC([N+](=O)[O-])=CS2)C=C1, JHWUXMUHCFSXIS-OVCLIPMQSA-N
OC(COC1C2CC3CC(C2)CC1C3)CN1CCOCC1, GWNPRPOEZOJFHO-UHFFFAOYSA-N
CCOC1=CC=C2C(=NN=CC3=CC=CC(OC)=C3)C=C(C)NC2=C1, VGEVGTWKOGDMJH-UHFFFAOYSA-N
C1=CC=C(P(=C2C3=CC=CC=C3C3=CC=CC=C23)(C2=CC=CC=C2)C2=CC=CC=C2)C=C1, WAIYJGWQTGVSJY-UHFFFAOYSA-N
CN(C(=O)CCN1CCC(OC(=O)NC2=CC=CC=C2C2=CC=CC=C2)CC1)C1=CC=C(CC(=O)NCC2=CC=C(CCNC[C@H](O)C3=CC=C(O)C4=C3C=CC(=O)N4)C=C2)C=C1, ZDJDDHHJDNXZRV-GWHBCOKCSA-N
NCCCNCCCCNCCCCN1C(=O)C2=C3C(=CC=C2)C=CC=C3C1=O, JKIRNPPDEQPHQE-UHFFFAOYSA-N
COC1=CC=C(C2=CC=CC(COC3=CC=C([C@H](CC(=O)O)C4=NC=CN4C)C=C3)=C2)C=C1, ZFZWERMXSWIPRQ-VWLOTQADSA-N
CCCCN(C)/C(CC)=N/C1=CC=C2C(=C1)C(=O)C1=CC=C(/N=C(\CC)N(C)CCCC)C=C1C2=O, HAOJSTOAECRQGW-WWQQVGJXSA-N
C1=CC=C(CCN2C3CCC2CC3)N=C1, SRRZEMVAQOSBLB-UHFFFAOYSA-N
CC1=CC2=C(C(=O)NCC3=CC=C(N4CCC(C5=CC=C(OC(F)(F)F)C=C5)CC4)C=C3)C(C)=NN2C=C1, VPPPLAKILVBFMD-UHFFFAOYSA-N
CC1=NOC(C)=C1NC(=O)NC1=CC=CC2=C1O[C@@H](CN(C)S(C)(=O)=O)[C@@H](C)CN([C@@H](C)CO)C2=O, KPSNFOHNLPZDRP-NJSLBKSFSA-N
CC(C)CCOCC1=CC=CC=C1, RXXCIBALSKQCAE-UHFFFAOYSA-N
CCCCNC1=NN=C(CCN2N=C(C)C(Br)=C2C)S1, HJVRGNVSQKIHBY-UHFFFAOYSA-N
CCN1N=CC(C2=NC3=C(N[C@H]4CCN(C(=O)C5CCOCC5)C4)N=CN=C3N2C)=C1C, WFVKABQFHLSPFH-INIZCTEOSA-N
CC1=CC(C)=C(S(=O)(=O)N2CCOC23CCN(S(C)(=O)=O)CC3)C(C)=C1, SZYQCCZQMOWZEU-UHFFFAOYSA-N
CC(C)N1N=C(C2=CC=C3OC(N)=NC3=C2)C2=C(Br)N=C(N)N=C12, BJEPBULKEVIYBP-UHFFFAOYSA-N
C=C[C@@H]1C[C@]1(NC(=O)[C@@H]1CN(S(=O)(=O)C2=CC=C(F)C=C2)CN1C(=O)[C@@H](NC(=O)OC1CCCC1)C(C)(C)C)C(=O)NS(=O)(=O)C1CC1, LTBAVIKQCJGFGL-DPSVNRJGSA-N
CC(C)COC(=O)N1CCCCC1C1=CC(C(=O)N2CCOCC2)=NO1, SXRKIFFGKQRXMR-UHFFFAOYSA-N
CC1CCCN(C(=O)C2=CC=C([N+](=O)[O-])O2)C1, YOQXJJARPAWPJV-UHFFFAOYSA-N
CCN(CC)C(=O)C1=C(C)C2=C(S1)N(CC(=O)NC1=CC=CC=C1)C(=O)N(C1=CC=C(OC)C=C1OC)C2=O, SOCFMKNDWIYRRR-UHFFFAOYSA-N
COC1=CC(C2=CC=C(OCCC(C)C)C=C2)=C(OC)C(O)=C1C1=CC=C(O)C=C1, CVAQCUFVFMUERM-UHFFFAOYSA-N
COCCCN1C(C2=CC=C(S(=O)(=O)N3CCOCC3)C=C2)=CS/C1=N\C1=CC=CC=C1, UYKWWWBGNUBPCF-VHXPQNKSSA-N
CC1=CC=CC(NC(=O)CN2CCC3=CC4=C(C=C3C2C)OCCCO4)=C1, TUVIKSUZLKLDRJ-UHFFFAOYSA-N
COC(=O)C1=C(C)N=C(C)/C(=C(/O)OC)C1C(=O)OCC(=O)C1=CC=C(Br)C=C1, AIODKQYYALFNGH-OBGWFSINSA-N
CC12CC3CC(C)(C1)CC(/N=C(\N)NC1=CC=CC=C1/C=C/C1=CC=CC=C1)(C3)C2, ULKVTWZZSYMWKM-OUKQBFOZSA-N
CC(=O)NC1=CC=C(OC(F)(F)C(F)F)C(NC(C)=O)=C1, XXOCKOBQSMYTBC-UHFFFAOYSA-N
COC1=CC=C(N2C(=O)C3=CC=CC=C3N(CC3=CC=CC=C3F)C2=O)C=C1OC, KJJYXWAOCHOXSO-UHFFFAOYSA-N
CC1=CC=C(C(=N)NOC(=O)C2=CC=C3C=CC=CC3=C2)C=C1, OCHUYZCQFZEMGU-UHFFFAOYSA-N
O=C(C1=C(NC2=CC(Cl)=CC(Cl)=C2)NC2=C(Cl)C=CC([N+](=O)[O-])=C2C1=O)C1CC1, VFJXXDCXLPMUBR-UHFFFAOYSA-N
CC1(C)CC(C)(C)CC2(C1)NCC1=CC(C(C)(C)C)=CC(I)=C1O2, AVJXKYISGXVRHY-UHFFFAOYSA-N
O=C(COC1=CC=CC2=C1CNCC2)NCC(O)CN1CCC2=CC=CC=C2C1, WXZGKBGEDPBBPB-UHFFFAOYSA-N
O=C(C1=CC2=CC=CC=C2N1)N1CCN(CCOC2=CC=CN=C2)CC1, WJOFBCYZALIRKI-UHFFFAOYSA-N
CCNC(=O)CC1=CC=C(C2=CC=CC=C2)C=C1, KRIRSNPOXFHZIB-UHFFFAOYSA-N
CC(O)CCCCN1C(=O)C(CCOC2=CC=CC=C2CC(=O)O)OC2=CC=CC=C12, BDLDSSMAHRDDGB-UHFFFAOYSA-N
CNC(=O)C1=CC(OC2=CC=C3N=C(NC4=CC=C(C5=CC=CN=C5)C=C4)N=CC3=C2)=CC=N1, GKKSHWWDZSJINW-UHFFFAOYSA-N
CN(CC1=CC=CC=C1)C(=O)C1=CC2=C(C3=CC=CC=C3N(C)C2=O)S1, WDMCNBXVZBAGKS-UHFFFAOYSA-N
CS(=O)(=O)N1CCN(C(=O)C2=CC(C3=CC=CS3)=CS2)CC1, DAEZZWXOBPFGQJ-UHFFFAOYSA-N
CC1=CC=CC(CCN)=C1, GUERDLPJJJMIEU-UHFFFAOYSA-N
CC1=CSC(CNC(=O)NC(C)C2=CC=C3C(=C2)OCCO3)=N1, PGLJEFBAXFMYBH-UHFFFAOYSA-N
C=C(/C=C/C(=O)NC1=CC=C(N)C=C1)CC1(C)CC2=CC=CC=C2C1=O, BKGCPRVFMYQBRH-KPKJPENVSA-N
C=CC[C@H]1CN(C2CCCC2)C2=NC(NC3=CC=C(C(=O)NC4CCN(C)CC4)C=C3OC)=NC=C2N(C)C1=O, DWBXNQKRJAOIHK-NRFANRHFSA-N
CCOP(=O)(OCC)C(NC(=S)NC(=O)[C@]1(C)CCC[C@]2(C)C3=CC=C(C(C)C)C=C3CC[C@@H]12)C1=CC=CC=C1F, ZAZULDNVGOECEO-VGVWILAUSA-N
NC(=O)C1=CC2=CC(CC3=CC=CC=C3)=C(C(F)(F)F)N=C2N=C1N, ZXWUBJASPQKEAN-UHFFFAOYSA-N
O=[N+]([O-])C1=NN(CCCN(CC2=CC=C(C(F)(F)F)C=C2)CC2=CC=C(C(F)(F)F)C=C2)C=N1, VJOQCICRCCURSU-UHFFFAOYSA-N
O=C(C1=CC=C(S(=O)(=O)NC2=CC=CC=C2)C=C1)N1CCCC(C(F)(F)F)C1, KPAFCNXCULLUIL-UHFFFAOYSA-N
ClC1=CC=C(N=C2C=CN(CCCCCN3C=CC(=NC4=CC=C(Cl)C=C4)C=C3)C=C2)C=C1, GUSYYOQMHQNUSZ-UHFFFAOYSA-N
C=CCN1C(SCC(=O)NC2=CC(C)=C(Cl)C=C2OC)=NN=C1C1=CC=CO1, KKPGANILSLDBNG-UHFFFAOYSA-N
CCCCCCN1C=NC2=C3C=CC=CC3=C3C(=C12)CCC(C)(C)O3, AXTRRTMVQMYCRV-UHFFFAOYSA-N
CC(=O)[C@H]1CC[C@H]2[C@@H]3CC=C4C[C@@H](OC(=O)NCCNC(=O)/C(C#N)=C/C5=CC=CC(Cl)=C5)CC[C@]4(C)[C@H]3CC[C@]12C, BJWIPOMEOBTTJP-SRCKYBTLSA-N
CN(CCCC1=CNC2=CC=C(F)C=C12)C1COC2=CC=C3C(=C2C1)C(=O)NCC3, KMLCAXOEHCQJRO-UHFFFAOYSA-N
CC(=O)OCC1=C(C(=O)OC(C2=CC=CC=C2)C2=CC=CC=C2)N2C(=O)[C@H](Cl)C2SC1, YFFNJWCMUGIYOE-HXBUSHRASA-N
O=C(O)C(=O)OC[C@H]1OC(=O)[C@H](O)[C@@H]1O, JUFDKIHNAKWIPB-BXXZVTAOSA-N
COC1=CC=C(OC(=O)C2=NC(SCC3=CC=CC=C3F)=NC=C2Cl)C=C1, NVOSPZNQVSARGS-UHFFFAOYSA-N
FC1=CC=CC(CNCC2CN3N=NC=C3CO2)=C1, YUUYGPGETZPGDG-UHFFFAOYSA-N
CC[C@@]1(O)C(=O)OCC2=C1C=C1N(C2=O)CC2=C1N=C1C=CC(OC)=CC1=C2C1CCCC1, AAGONDJNRDWVLR-SANMLTNESA-N
CCOC1=CC=C2N=C(NC(=O)C(=O)C(C(=O)C3=CC=CC=C3F)C3OC(=O)C4=CC=CC=C34)SC2=C1, ZELWNOUFNSTJBZ-UHFFFAOYSA-N
CCC1=CC=C(I)C(CC)=C1NC(=O)CN(CC(=O)O)CC(=O)O, DVBXFRSRFUTZTN-UHFFFAOYSA-N
CO[C@H]1CN(C)C(=O)C2=CC=C(NC(=O)C3CC3)C=C2OC[C@H](C)N(C(=O)C2=CC=CC=N2)C[C@H]1C, ICZJHRYDJKYLQD-YTZAWJCFSA-N
CC1=C(Cl)C=CC=C1NC(=O)C1=CC(NC(=O)C2=CC=CC=C2C(F)(F)F)=CC2=C1N=C(C1CCCC1)N2, CXRJHASYZPXNEG-UHFFFAOYSA-N
CC(C)NS(=O)(=O)C1=CC=C(OCC(=O)NC2=CC=CC=C2F)C=C1, MQKSZWYYHGTHIV-UHFFFAOYSA-N
CC1=NN(C2=CC=C(C(=O)O)C=C2)C(=O)CC1, FIRIFVVVVQIBLD-UHFFFAOYSA-N
CC(NC(=O)C1=CC=C(S(N)(=O)=O)C=C1)C(=O)O, XVXCKHQWKUVAPE-UHFFFAOYSA-N
COC(=O)[C@@]12CCCN1[C@H](C1=CC=C(SC3CCCCC3)C=C1)[C@H]1C(=O)N(C)C(=O)[C@@H]21, IFDQXIBLGLRXER-KTIHBUSBSA-N
O=C(C1=CC=CC=C1)N1CCN(S(=O)(=O)C2=CC=CS2)CC1, LWMHQSNCXDHONB-UHFFFAOYSA-N
CCCN(CCN1CCN(C2=CC=CC=N2)CC1)C1CCC2=CC=C(O)C=C2C1, KIBICQVMFUXHBE-UHFFFAOYSA-N
CCCCNC(=O)CC(O)C(CC1=CC=CC=C1)NC(=O)[C@@H](NC(=O)CN1CCC(C(N)=O)(C2=CC=CC=C2)CC1)[C@@H](C)CC, HRWQNVARHISMJN-HTWIIDBLSA-N
COC1=CC=CC(C2=CC(O)=C3C(=C2)CN(C(=O)C2CC2)CCO3)=C1, NFASEKPXRUMCIX-UHFFFAOYSA-N
O=C(O)C(=O)C1CC2=CC=C([N+](=O)[O-])C=C2CN1S(=O)(=O)C1=CC=C(C2=CC=C(F)C=C2)C=C1, ZKKQCCSHBYRQHR-UHFFFAOYSA-N
C[C@]12CC[C@H]3[C@@H](CC[C@H]4NC(=O)CC[C@]34C)[C@@H]1CC[C@@H](N1C=NC3=C(N(CCO)CCO)N=C(Cl)N=C13)O2, BRAYPVFMFWTUKN-JOBXNTDGSA-N
CC1=NOC(C)=C1CN1CCO[C@H]2CN(CC3=CN(C)N=C3)C[C@@H]12, JMWXCKBNMITSIN-SJORKVTESA-N
CN1C(C2=CC=C(Cl)C=N2)=C(C2CCCC2)C2=CC=C(C(=O)NC(C)(C)C(=O)NC3=CC=C(/C=C/C(=O)O)C=C3)C=C12, FNEMLYLQYCOWSI-LICLKQGHSA-N
N[C@@H](CS)CC1=CC=CC=C1, BUAPSNKVPWEGPA-SECBINFHSA-N
CN(C)C1=CC(C2=C(CC(=O)O)SC(C(C3=CC=C(F)C=C3)C3=CC=C(F)C=C3)=N2)=CC=N1, HXGOZZCNWIRGDR-UHFFFAOYSA-N
C/C(=N\NC(N)=S)C1=CC=CC(N)=C1, FJCDJOPKILSQQC-WUXMJOGZSA-N
CC1=NC2=CC=C(NC(=O)C3=CC=CS3)C=C2S1, VVZCMIMCJKOCNN-UHFFFAOYSA-N
COC1=CC=CC=C1CNC(=O)C1=CC=C(OCC2CCCO2)C=C1, DVTVJGRKHOHFDN-UHFFFAOYSA-N
N#C[C@@H]1CCCN1C(=O)CNC(=O)C1=CC=NC2=CC=CC(Br)=C12, XTSDSKNXFWPJCS-NSHDSACASA-N
CC1CCC2=C(SC=C2C(=O)NC2=C(F)C=C(F)C=C2Br)C1, MOUOMNBPAHLPSE-UHFFFAOYSA-N
CC1=CC=CC(NS(=O)(=O)C2=CC=C(C(=O)N3CCC3)C=C2)=C1C, FFMAUIFUNZBCRQ-UHFFFAOYSA-N
CCC1CCN(C(=O)C(CCCN=C(N)N)NS(=O)(=O)C2=CC=C3C=CC(OC)=CC3=C2)C(C(=O)O)C1, YWTJHJYWEVKHSQ-UHFFFAOYSA-N
C/C(=N\NC(=O)C1=CC=CN=C1)C1=CC=C(N2C(C)=CC=C2C)C=C1, PRYDIUOIVPKNEW-CJLVFECKSA-N
O=C(NCC=C(C1=CC=CC=C1)C1=CC=CC=C1)NC1=CC=C(Cl)C=C1, BVFBYUIDPPDGCS-UHFFFAOYSA-N
C=CCOC(=O)C1=CC=C(S(N)(=O)=O)C=C1, VWKMDRWBZTWKNM-UHFFFAOYSA-N
NC(=S)N1N=C(C2=CC=CC=C2O)CC1C1=CC=C(O)C=C1, PCKXOBFTBPFENG-UHFFFAOYSA-N
CCCC(=O)N1CCN(C2=CC3=C(C=C2F)C(=O)C(C(=O)O)=CN3C2CC2)CC1, AJINREBJQTYYQG-UHFFFAOYSA-N
CCOP(=O)(CC1=CC=CC=C1NC(=O)[C@H]1CC2=CC3=C(C=C2C(=O)[C@H](C)S1)OCO3)OCC, UXRUDFJTPABSNB-OYHNWAKOSA-N
CC(C)=CCC/C(C)=C/CC/C(C)=C/CC/C(C)=C/CC/C(C)=C/CC/C(C)=C/CC/C(C)=C/CC1=CC(OS(=O)(=O)O)=CC=C1OS(=O)(=O)O, XSEWDLLFUPPPPL-PYHSYOTJSA-N
COC1=CC=C2C(=C1)C(/C=C1\OC3=CC(O)=CC(O)=C3C1=O)=C(C)N2CCN1CCN(C)CC1, UOLWAWYOIVYEAT-IWIPYMOSSA-N
CN1C(SCC(=O)NC2=CC=CC=C2Br)=NN=C1C1=CN=CC=N1, GOEVKCKHFBODJY-UHFFFAOYSA-N
O=S(=O)(NCC1=CC=C(Cl)C=C1)C1=CC(Cl)=C(OC2=CC=CC(N3CCNCC3)=C2)S1, XDXADVDZZWWNRR-UHFFFAOYSA-N
O=C(CN1CCOCC1)NNC1=NC(C2=CC=CC=C2)=C2C=C(Br)C=CC2=N1, QJNOZHZYQOMYHW-UHFFFAOYSA-N
COC1=CC=C(C2=NN(CCCO)C(=O)C3CCCCC23)C=C1OC, VUISAJWDMBCIQP-UHFFFAOYSA-N
Br.COC(=O)CN1C(=N)N(CCN2CCCCC2)C2=CC=CC=C12, DUBHBBAOOPNWGQ-UHFFFAOYSA-N
OC1=CC=C(CC2CCN(CCC#CC3=CC=CC=C3)CC2)C=C1, RIJGXYIRUNBEJG-UHFFFAOYSA-N
COCCN1C(=O)C(C2=CN(C)C3=CC=CC=C23)=NC2=CN=C(OC3=CC=CC(Cl)=C3)N=C12, HDYLUQPADNVNQG-UHFFFAOYSA-N
COC1=CC=C(/C=C/C(=O)C2=CC=CC=C2O)C=C1, NXBNYUSXDBHELA-DHZHZOJOSA-N
COC1=CC(C2CC(C3=CC(OC)=C(OC)C(OC)=C3)=NN2C)=CC=C1O, JGOMOURYXGBGLP-UHFFFAOYSA-N
CC1(C)OCC2=C(NC3=NNC4=C(Cl)C=CC=C34)N=C(C3=C(C(F)F)NN=C3)N=C12, SIMOEFIOKHUVBO-UHFFFAOYSA-N
CN1C(CC2=CC=CC=C2)=NC(=O)C2=CC=CC=C12, XVPZRKIQCKKYNE-UHFFFAOYSA-N
CCCOC(=O)C1=C(C)NC(C)=C(C(=O)OC)C1C1=CC=CC([N+](=O)[O-])=C1, UXLPJZGKAQRVTA-UHFFFAOYSA-N
O=C1N=CC=CN1[C@H]1[C@H](O)[C@H](O)[C@@]2(CO)C[C@H]12, CGTBRZZQACOTSR-LSQHKTNHSA-N
CCC1=NC=CN1CC(=O)C1=CC=C(C2=CC=C(N3C[C@H](CN4C=CN=N4)OC3=O)C=C2F)C=N1, OYTZWPYVHBHOPU-SFHVURJKSA-N
O=C(N/N=C/C1=CC=CC=N1)C1=CC(C2=CC=NC=C2)=NC2=CC=CC=C12, QWMFOPZHDXETGS-ZVHZXABRSA-N
CN(C)CCCN1C(=O)[C@H](CC2=CC=CC=C2)N(CC2=CC=C(C3=CC=CC=C3C3=NNN=N3)C=C2)C1=S, RSZWMKSWYWFHMX-SANMLTNESA-N
CCC(CC1=CC=CC=C1)NC(=O)CN1N=C(C)N2C(=CC3=C2C=CO3)C1=O, KFGVJVJYLSWZJG-UHFFFAOYSA-N
CC1=CC=C(/C=N/NC(=O)CCN2CCN(C3=CC=NC4=CC(Cl)=CC=C34)CC2)C=C1, KBAQOTQHZALTMH-WPWMEQJKSA-N
CC1=NC2=CC=C(Cl)C=C2C(C2=CC=C(Cl)C=C2)N1CCN1CCCCC1, VJOLHYVXOROYEL-UHFFFAOYSA-N
O=C1C2C3C=CC(C3)C2C(=O)N1CCNC1=C2C(=NC3=CC=CC=C13)C=CC=C2, NMXILYPHEODMRP-UHFFFAOYSA-N
CN(C)C[C@H]1CCN2C(=C(C3=C(NC4=CC=CC=C4)C(=O)NC3=O)C3=CC=CC=C23)C1, ZYPFOSZGRDTEPJ-INIZCTEOSA-N
O=C(N[C@H](CC1=CNC2=CC=CC=C12)C(=O)NC1=CC=NC=C1)C1=CC=C(N2CCN(C3=CC=CC(C(F)(F)F)=C3)CC2)C=C1F, OOZYTONLGPPKPM-WJOKGBTCSA-N
CSC1=NC=C(Cl)C(C(=O)NC2=C(C(=O)C3=CC=C(Cl)C=C3)OC3=CC=CC=C23)=N1, OSLLJZQZZPCQEN-UHFFFAOYSA-N
O=C(/C=C/C1=CC=CC=C1Cl)[C@@H]1[C@@H](C2=CC=CC=C2Cl)[C@@H]2CSCN2C12C(=O)NC1=CC=CC=C21, LVTFXXHFOAVFAJ-ZQBBOAKWSA-N
CS(=O)(=O)C1=CC=C(C2=C3C(=C(C4=CC=C(S(C)(=O)=O)C=C4)N2)C2CCC3C2)C=C1, VXEYXROSIMOFIS-UHFFFAOYSA-N
CC(C)(C)C1=CC=C(CN(CC2=CC=CC3=CC=CC=C23)N2C=NN=C2)C=C1, WLGSTVNPSKYNLO-UHFFFAOYSA-N
NC1=NC2=CC3=C(NC(NCCC4=CC=C(C(=O)O)C=C4)=N3)C=C2C(=O)N1, TZNQMGFEWYPGDR-UHFFFAOYSA-N
CCOC(=O)C1=NOC2(C1)C(=O)NC1=CC=C(OC(F)(F)F)C=C21, MEXOOXQSKJQSPA-UHFFFAOYSA-N
O=C1NC2=CC=CC=C2/C1=N\NC(=O)C1=CC=CN=C1, ZRQUIFFSYFFJJZ-UHFFFAOYSA-N
CC(O)(COC1=CC=C(F)C=C1F)C(=O)NC1=CC=C(C#N)C=C1C(F)(F)F, BFNQHIJJIFTQCT-UHFFFAOYSA-N
CC(CNC(=O)C1=CC=CC=C1)(CNC(=O)C1=CC=CC=C1)[N+](=O)[O-], NQEXFOOJALTUQI-UHFFFAOYSA-N
CC1=CC=C(N2C=CN3C(SC(C)C(=O)NC4=CC=C5C(=C4)OCCO5)=NN=C3C2=O)C=C1C, BAZIZFOLMQRGMR-UHFFFAOYSA-N
NC1=NN2C(=N1)NC(C1CC1)=C(CC1=CC=C(Cl)C(Cl)=C1)C2=O, BXZCHELXYNXCDS-UHFFFAOYSA-N
CCCN(CCC)C1=CC(C)=NC2=C(C3=NC=C(N=O)C=C3C)C(C)=NN12, VYMNBUQVQUXHSM-UHFFFAOYSA-N
CC1(C)OC2=C(SC(C#N)=C2)[C@@H](N2CCCC2=O)[C@@H]1O, ULFGDQDWOJBMLY-YPMHNXCESA-N
O=C1NC2=CC=CC=C2/C1=C\C(=O)C1=CC=CC(Cl)=C1, VACBNLGJAQMVJK-UKTHLTGXSA-N
NCCC[Se](=O)O, WTWJERJTGDRNRR-UHFFFAOYSA-N
O=C(CCC(=O)N1CCN(S(=O)(=O)C2=CC=C(Cl)C=C2)CC1)NC1=CC=C2C=CC=CC2=C1, BRAWSIIECGMQJC-UHFFFAOYSA-N
COC1=CC=C(/N=C2C(=N/C3=CC=C(OC)C=C3)/N(C3=CC=CC=C3)C(=S)N/2N=C=C2SC3=CC=CC=C3N2C)C=C1, LDXDMBVFSOGIIJ-NRXMAPPISA-N
O=C(CCN1C(=O)C2=CC=CC3=CC=CC(=C23)C1=O)NCC1=CC=CN=C1, IIRVXNJEGFDTAK-UHFFFAOYSA-N
CCCCNC(=O)CSC1=NC2=CC3=C(C=C2C(=O)N1CC1=CC=CO1)OCO3, KJVFQLVWOAZHEV-UHFFFAOYSA-N
COC(=O)[C@@]1(C)[C@H]2C(=O)N(C)C(=O)[C@H]2[C@H]2CN=C(SCC3=CC=C(C)C=C3)N12, OXYCNDUOAUAOAC-IGMJJTELSA-N
C=CCNC(=O)C(C)(C(C)C)N(C(=O)C1=CC=CN=C1)C1CC1, QRYRSVDNNGPOCP-UHFFFAOYSA-N
OC1=NC=C(OC2=CC=CC(C(F)(F)F)=C2)C=N1, IUFLCCGSBWWBGH-UHFFFAOYSA-N
COC1=CC=CC=C1NC(=O)CSC1=NN=CN1N, PRYSYKQNIPXASP-UHFFFAOYSA-N
CCOCCN1CCN(CC2=CN(C)N=C2)CC1C, DCANEJPZBIAFRD-UHFFFAOYSA-N
N[C@@H](CC1=CC=C(O)C=C1)C(=O)N[C@H]1CSSC[C@@H](C(=O)O)NC(=O)C2=CC(=CC=C2)NC1=O, LYNBJSJVJXRVTC-BZSNNMDCSA-N
CC#CCOC1=CC=C(S(=O)(=O)CC2(C(=O)NO)CCCN(S(=O)(=O)CC3=CC=NC=C3)C2)C=C1, KLUBFNJJJWONQA-UHFFFAOYSA-N
COC1=CC(/C=C\C2=CC=CC3=C2OC(=O)N3C)=CC(OC)=C1, PIVPVCCOKPYBOP-FPLPWBNLSA-N
CSCC(O/N=C(\C(=O)N[C@@H]1C(=O)N(OS(=O)(=O)O)C1(C)C)C1=CSC(N)=N1)C1=CC(=O)C(O)=CN1O, YPDMZTAHAUZDKO-JZBRPHLYSA-N
O=C(CN1CCNCC1)NCC1=CC=C2SC=CC2=C1, TUUDYGUVNIAEDD-UHFFFAOYSA-N
CC1=CC(C)=NC(NC(=O)NS(=O)(=O)OC2=CC=CC=C2C(=O)OC2=CC=CC=C2)=N1, MAECBKYPUBIHOI-UHFFFAOYSA-N
O=C(O)C1CCN(C2=NC(C3=CC=C(Br)C=C3)=CS2)CC1, ZLJCOCPMGGSXRR-UHFFFAOYSA-N
CO/C(O)=C/C1=NCCNC1=O, KUGOSCGBFCSECZ-GQCTYLIASA-N
COC(=O)C1=CC2=CC=C3C(=C2C(C2=CC=C4C(=C2)OCO4)=C1C(=O)OC)OCO3, OGUHXQFMLWUPCE-UHFFFAOYSA-N
S=C(NCCN1CCOCC1)NC1=CC=C2N=CN=C(NC3=CC=C(Cl)C=C3)C2=C1, XDUMFDDLQURJLV-UHFFFAOYSA-N
CCN(CC)C1=CC=C(CN2CCC(C(=O)NCC3=CC=C(C)C=C3)CC2)C=C1.O=C(O)C(=O)O, KIKGLPDJZDAKFB-UHFFFAOYSA-N
O=C(COC(=O)CN1C(=O)NC2(CCCCC2)C1=O)NC1=CC(F)=CC=C1F, SVRJEAMALKPJOQ-UHFFFAOYSA-N
O=C(OCC1=CC=CS1)C1=CC2=C(O1)C(=O)C1=CC=CC=C1C2=O, NDINQOKZIDQTBN-UHFFFAOYSA-N
COC(=O)CCC1=CC=C(C)C=C1, ZYODXRYBYZMUNL-UHFFFAOYSA-N
COC1=CC=C(CN2C(NCCNC(=N)N)=NC(=O)N(CCC3=CC=CC=C3)C2=O)C=C1, QBDOFAGOTWCKQB-UHFFFAOYSA-N
CCOP(=O)(OCC)C1(P(=O)(OCC)OCC)CC(C(=O)CC)=NN1, INNWZDNVOIAPRP-UHFFFAOYSA-N
C[C@H]1COCCN1C1=NC(N2CCOC[C@@H]2C)=C2N=C(C3=CC=C(C4=NC=CN4)C=C3)NC2=N1, IDOHVXBVCIPPSW-HOTGVXAUSA-N
O=C(NC1=CC=C(OC(F)(F)F)C=C1)NC1COC2=CC=CC=C2C1, KELKEHFTJFLDAM-UHFFFAOYSA-N
CC1=CC(C)=NC(NC(=S)N2CCN(C3=CC=C4C=CC=CC4=C3)CC2)=C1, RUGBZCTWKBEUNI-UHFFFAOYSA-N
CC1=NN=C(SC(C)C(=O)NC2=NC=CS2)S1, OAVFKAHCLBNXSU-UHFFFAOYSA-N
NC1=C(C2=NC3=CC=CC=C3S2)C(=O)CN1NC(=O)C1=CNC2=CC=CC=C12, QLPJOBBIJIWDOA-UHFFFAOYSA-N
C/C(C#N)=C\C1=CC=C(C)C=C1Cl, JAURGPIILHRUCZ-WEVVVXLNSA-N
COC1=CC=C(CC(/C(=N/OCCCCC(=O)O)C2CCCCC2)N2C=CN=C2)C=C1, OYELBKDRZUAMQY-SHHOIMCASA-N
O=C1NC2=CC=C(Cl)C=C2/C1=N/N=C/C1=CC=C(O)C(O)=C1, DRHSVFXMBSQDIC-REZTVBANSA-N
CC1=NC(NC2=NC(O)=CC(CSC3=CC=C(Cl)C=C3)=N2)=NC2=CC=CC=C12, MRMNCFGODMCHHJ-UHFFFAOYSA-N
COC(=O)/C=C/OC[C@H]1OCCC[C@H]1O[Si](C)(C)C(C)(C)C, PLZKIIULZQORTM-LLVNNSLESA-N
C/C=C1\C(=O)C[C@@H]2[C@@H]3CCC4=CC(=O)CC[C@@]4(C)[C@H]3CC[C@@]12C, WDXRGPWQVHZTQJ-WUNHTLNSSA-N
C=C(CC[C@@H](C)[C@H]1CC=C2C3=C([C@@H](O)[C@H](OC(C)=O)[C@]12C)[C@@]1(C)C[C@@H](O)[C@H](OC(=O)CCC(=O)O)C(C)(C)[C@@H]1CC3)C(C)C, JMRQLQZCVRXVBF-DPQHJISKSA-N
CO[C@]1(C2=CC(F)=CC(SC3=CC=C(/C(C)=N/O)C=C3)=C2)CCO[C@@H](C)C1, PKSYYDVTKCWIMK-QJLXOANVSA-N
CC1=C(C2=CC=NN2)SC2=C(N[C@@H]3CCNC3)N=C(C3=CC=NC=C3)N=C12, ILBNDUAYPWIWNI-CYBMUJFWSA-N
CCC1C(=O)N2C=CSC2=[N+](CC2=CC=C(Cl)C=C2)C1=O, ZCODZCCHEGPLFA-UHFFFAOYSA-N
COC1=CC2=C(C(C3=CC=CC(C4=CC=CC=N4)=C3)=C(C3=CC=CS3)C(=O)N2)C=C1OC, DHJSIGLFEZHWTN-UHFFFAOYSA-N
COC1=CC=C(N2C(=O)CC(SC(=N)N/N=C(\C)C3=CC=CS3)C2=O)C=C1, VQKNVDMTYTWAPP-RGVLZGJSSA-N
O=C1NC2=C(C(C3CCN(C4=CN=C(C(F)(F)F)C=N4)CC3)=NN2)C(O)(C(F)(F)F)C1O, MHJKYBXJQUFCAY-UHFFFAOYSA-N
O=C(C1=CC=CC(C2=CC=CC=C2F)=C1)N1CCC2=C(NC3=CC=CC=C23)C1, NWJKKFOUUINEJW-UHFFFAOYSA-N
N=C(N)N1CCC[C@H]1C1=NC(C2=CC=C3C=C(OCC(=O)C4=CC=C(C(F)(F)F)C=C4)C=CC3=C2)=NO1.O=C(O)C(F)(F)F, YRMGHBRKSZQGFZ-BOXHHOBZSA-N
CCN(CC)CCN(CC)C1=CC=C2C=C(C(=N)N)C(=O)OC2=C1.Cl, YFRICIADHZUKMP-UHFFFAOYSA-N
OC(CN1C=CN=C1)(C1=CC=C(F)C=C1)C1=CC=CC=C1C1=CC=NC=C1, GZAPVKSQRTZSJU-UHFFFAOYSA-N
CN(C1=CC=C(Cl)C=C1)S(=O)(=O)C1=CC=CC(C(=O)NC2=CC(Cl)=CN=N2)=C1, GDYUSSFBUVJSFX-UHFFFAOYSA-N
CC1=CC=C(S(=O)(=O)NC2=CC=C(C3=NN=C(SCC#N)N3C)C=C2)C=C1, ORPXEQOZVCQUKK-UHFFFAOYSA-N
CCC(CC)O[C@@H]1C=C(C(=O)NCC2=CC=C(C3=CSC=C3)C=C2)C[C@H](N)[C@H]1NC(C)=O, TXUWQECYFJZEMC-RBZQAINGSA-N
CCCN(CCC)[C@H]1COC2=C(C=CC=C2C2=CC=C(OC)C=C2)C1, QWKYFMXJKILTAJ-LJQANCHMSA-N
CN1C(C(=O)NC2CCCC2)=NC(C2=CC=C(Cl)C=C2Cl)=C1C1=CC=C(Cl)C=C1, NLHNOVPBFCSLAT-UHFFFAOYSA-N
CCCCN(CC1=CC=CC=C1C1=CC=CC=C1)C1=NC2=C3C(=CC=C2S1)CCCC3, JQAIMHGAEVVRTI-UHFFFAOYSA-N
CN1CCC(OC2=CC(CN3CC[C@H](NC(=O)C4=CC=C(Cl)C(Cl)=C4)C3)=CC=C2I)C1, XFUKIAYRJVFVSZ-ZENAZSQFSA-N
COC1=CC(O)=C2C(=O)C=C(C(=O)NCCCCCCN(C)CC3=CC=CC=C3OC)OC2=C1, VLOMEILIKQSBAS-UHFFFAOYSA-N
CCCN(CCC)C(=O)C1=CC(C)=CC(C(=O)N[C@@H](CC2=CC(F)=CC(F)=C2)[C@H](O)[C@@H]2NCCNC2=O)=C1, GDNDXNUOEVYPDM-SDHOMARFSA-N
N#CC1=CC=CC(NC(=O)NCCCN2CCC(CC3=CC=C(C(F)(F)F)C=C3)CC2)=C1, PSFWRKAIDVJVPD-UHFFFAOYSA-N
CC1CCN(C(C2=CC=CC=C2)C2=C(O)N3C(=NC(C4=CC=CO4)=N3)S2)CC1, QLXYYFOZLXUJSU-UHFFFAOYSA-N
CNC1=CC=CN=C1/C=N/NC(=S)N(C)C.Cl, HDWYPNVSPBUTCS-FTPOTTDRSA-N
COC1=CC=C(C(=O)NC2=C(C)N(COC3=CC=CC(C(F)(F)F)=C3)N=C2C)C=C1, ZUOXMLSPIUSXPR-UHFFFAOYSA-N
NC/C=C\CN(CCF)C[C@H]1O[C@@H](N2C=NC3=C(N)N=CN=C23)[C@H](O)[C@@H]1O, HRWPTRXVULGXJH-GEFPKZSYSA-N
O=C(NC1=CC=CC=C1)C1=[N+]([O-])C2=CC(Cl)=C(Cl)C=C2[N+]([O-])=C1C1=CC=CC=C1, KEOVOLZZHVJWJR-UHFFFAOYSA-N
CN1C(Cl)=C(C(=O)NC2=CC=C(Cl)C=C2)C2=CC=CC=C12, DGBHLXYEPIJNFG-UHFFFAOYSA-N
C[C@@H]1C[C@@](N)(C(=O)O)[C@@H]2[C@@H](C(=O)O)[C@H]12, BQVZICWQBFTOJX-QNDZYWSYSA-N
O=C1OC2=CC=CC=C2C(NC2=CC=C(OCCN3CCCC3)C=C2)=C1C1=CC=C(F)C=C1, FRUDVXRUSIWXJO-UHFFFAOYSA-N
O=C(O)C1=CCCN(CCOC(C2=CC=C(C(F)(F)F)C=C2)C2=CC=C(C(F)(F)F)C=C2)C1, CMHQDSBIBSKHFP-UHFFFAOYSA-N
ClC1=CC(Cl)=CC(C2=CC(Cl)=C(Cl)C(Cl)=C2)=C1, MXVAYAXIPRGORY-UHFFFAOYSA-N
CC1=CC2=C(N=C(CC3=CC=CC(Cl)=C3)O2)C(NCC(F)(F)C2=CC=CC=[N+]2[O-])=N1, ZCMMWOVFLLUFDU-UHFFFAOYSA-N
CC1=CC(SC2=C(O)OC(CCC3=C(C)SC=N3)(C(C)C)CC2=O)=C(C(C)(C)C)C=C1CO, FZVSEIOEFSDZOA-UHFFFAOYSA-N
NC(=O)OCCO[C@@H]1[C@H](O)[C@H](OC2=CC=C(I)C=C2)O[C@@H](COS(=O)(=O)C2=CC=C3C=CC=CC3=C2)[C@H]1O, HULVBXHCFWOUHP-VHJOFQCFSA-N
COC1=CC=C(NC2=C(C3=CC=C(F)C=C3)N=C3N=C(C)C=C(C)N23)C=C1, CDLQJUZZIBSLEZ-UHFFFAOYSA-N
NC1CN(C2=NC=C(C(=O)NC3=CC=C(OC(F)(F)Cl)C=C3)C=C2C2=CN=CN=C2)C1, YQCHJORSBGANNU-UHFFFAOYSA-N
CCCCN(CCCNC1=CC=NC2=CC(Cl)=CC=C12)CC1=CC(Br)=CC=C1O, ISDNLQZIXKBDQS-UHFFFAOYSA-N
CSC1=CC2=C(C(=O)C3=CC=C([C@H]4C[C@@H](O)[C@H](O)[C@@H](C)O4)C(O)=C3C2=O)[C@@]2(O)C(=O)C=C(C)C[C@@]12O, QCOOGLXBUANRGO-MISDAEJGSA-N
COC1=CC2=NC=NC(NC3=CC=C(Br)C=C3Cl)=C2C(OC)=C1OC, WANUEHQHGBYBLT-UHFFFAOYSA-N
CC(C)C[C@@H](C(=O)N[C@@H](CC1=CC=C(OC(=O)C2=CC=CC=C2)C=C1)C(=O)NC(C)(C)C)N(C)CC1=CC=CC=C1Cl, FHIKEQNYVZSIEI-KYJUHHDHSA-N
COC1=CC=C(CCNC2(C#N)CCCCC2)C=C1OC, WCWQZLUHHJUUJM-UHFFFAOYSA-N
CCOC(=O)N1C(=O)N(C2=CC=CC(C(F)(F)F)=C2)C2=C(C(=O)CC2)C1C1=CC=C(C#N)C=C1S(C)(=O)=O, AFRLWULTPSQTJR-UHFFFAOYSA-N
O=C1NC(=O)C2=C1C1=C(OC3=CC=CC=C3O1)C1=C2C2=CC(O)=CC=C2N1, VZAJNAMCAWDCMR-UHFFFAOYSA-N
CC1=CC=C(CC(=O)N(C)CC2(O)CCCN(C3=CC=CC=N3)C2)S1, WYNUBLAIBVYKTR-UHFFFAOYSA-N
CC1=NNC2=CC=C(C3=CN=CC(OC[C@@H](N)CC4=CC=CC(OCCN5CCOCC5)=C4)=C3)C=C12, WMHUNWSSFWGGDP-DEOSSOPVSA-N
CC[C@H](C)[C@H](NC(=O)[C@H](C(C)C)[C@@H](O)[C@H](O)[C@H](CC(C)C)NC(=O)OCC1=CC=CC=C1)C(=O)NCC1=CC=CC=N1, QFZMGUJABZECLU-XWDWZIQCSA-N
CCN(CCCN1CCCCC1)C1=CC(C)=NC(NC2=CC=C(C(F)(F)F)C=C2)=N1.O=C(O)C(F)(F)F, XVOMFNLPAMISSW-UHFFFAOYSA-N
COC1=CC=C2N=CC(F)=C([C@@H](O)CC[C@@H]3CCN(C4CC(C5=CC=C(F)S5)C4)C[C@@H]3C(=O)O)C2=C1, PPCGMGHPTLIZSS-AUVZLTIHSA-N
COC1=CC=C([C@H]2CC(=O)N(C3=CC=CC(NS(=O)(=O)C4=CC(Br)=C(Cl)S4)=C3)C2)C=C1OC1CCCC1, DOQVEVUPASOJLQ-KRWDZBQOSA-N
CCN(C)C(=O)CN1CC(OC2=CC=CC(Cl)=C2)C1, XWVFBUOUWXGKIB-UHFFFAOYSA-N
CC(C)OC1=CC=NC2=CC=C(C#CCNC(=O)C3=CC=CN(CC4=CC=C(F)C(F)=C4)C3=O)C=C12, LDTYCPIQHHHNCK-UHFFFAOYSA-N
COC(=O)C1=C(O)C=C(O)C(Cl)=C1CCC(=O)N1CCC2=CC=CC=C12, WLEPZPAKSFBFNK-UHFFFAOYSA-N
CCCNC(=O)C1=CC=NC(C2=CC=C(CNC3CC4=CC=CC=C4C3)C=C2)=C1.O=C(O)C(F)(F)F, LONAMIOABDSPFE-UHFFFAOYSA-N
CN1C(=N)N/C(=C/C2=CNC3=CC=CC(Br)=C23)C1=O, ADEZIYQYXOGZGX-BJMVGYQFSA-N
COC1=CC=CC=C1NC(=O)C(=O)N1CCCC1, QYQVBGWDHQUXNU-UHFFFAOYSA-N
CCC(CC)(NC(=O)C(C)C)C(=O)N[C@@H](CCCNC(=N)N)C(=O)NCCC1=CC=CC=C1, YULOHHJNVBWZFQ-IBGZPJMESA-N
CC(C)(O)C1=CC=CC=C1CC[C@@H](SCC1(CC(=O)O)CC1)C1=CC=CC(/C=C/C2=NC(C3=CC=C(F)C=C3)=CS2)=C1, WUVJSEREYUFVKJ-ZBJMMJAPSA-N
COC1=CC=C(NC(=S)/N=C(\N)NC2=NC(C)=C3C=CC=CC3=N2)C=C1, YIJBKFVBAAGOKC-UHFFFAOYSA-N
CC1=NN(C2=CC=CC=C2)C2=C1[C@@H](C1=CC=C(F)C=C1)[C@H](NC(=O)C1=CC=CC(C(F)(F)F)=C1)C(=O)N2, HVGMAUSTZLWHEQ-PKTZIBPZSA-N
CO[C@@H]1CC[C@@]2(C)[C@@H](C1)C[C@@H](OS(=O)(=O)O)[C@@H]1[C@@H]2CC[C@@]2(C)[C@H]1CC[C@@H]2[C@H](C)CCC(=O)N1CCCC1, PPVGQERWWBWIDQ-NKRMQULXSA-N
O=C1C=C(OCC2=CC=C(F)C=C2)C=CN1C1=CC=CC(OCCN2CCCC2)=C1, YAXYIJYIERUQSL-UHFFFAOYSA-N
COC1=C(S(=O)(=O)N2CCCC2)C=CC(Cl)=C1Cl, PDDJQTWBKGSXCD-UHFFFAOYSA-N
OC1=CC=C(C2=CC3=CC=CC(Cl)=C3O2)C=C1, LHBDJOOCOGNAPZ-UHFFFAOYSA-N
Cl.NCC1=NN=C(S)O1, UZJMOGLTRDKRCS-UHFFFAOYSA-N
IC1=CC=C(C2=CSC(NN=C3CCCCC3)=N2)C=C1, IONJPYUMFUUCGN-UHFFFAOYSA-N
O=C1NC2=NC=C(C3=CC=C4NC=CC4=C3)N=C2N1CC1CCCCC1, QGZGXGGLQSWROG-UHFFFAOYSA-N
CC(CCC1=CC=CC=C1)NC(=O)CNCCCN1CCOCC1.O=C(O)C(=O)O, XDVJNGYZBQMVEV-UHFFFAOYSA-N
COC1=CC=C(C(=O)C2CCN([C@H]3CN(CC4=CC=CC=C4)CC[C@@H]3O)CC2)C=C1, YJCXNBBFFCXASC-ZEQRLZLVSA-N
COC(=O)CNC1=CC=C(C2=NC(CC3=CC=C(OC)C=C3)=NO2)C=N1, MPBXIJRHMMFZHW-UHFFFAOYSA-N
NC(=O)[C@H]1CC[C@H]1C(=O)N1CCC2=C(O)C=CC=C2[C@H]1CN1C(=O)C2=CC=CC=C2C1=O, UIJXPBABJIYKKJ-KFKAGJAMSA-N
O=CC1=CC=CC(C(=O)SC2=CC(Cl)=CC(Cl)=C2)=N1, LVPGSWWTOAVXNB-UHFFFAOYSA-N
CC1=CC=C(C2=NNC(C3=NC(=CN4CCN(C)CC4)NO3)=C2)C=C1, LIRNRWBUJJIWJD-UHFFFAOYSA-N
CCOC(=O)CN1C=CC(NC(=O)COC2=CC=C(F)C=C2)=N1, YJDKTUGCLYBQOF-UHFFFAOYSA-N
CC(C)C1=CC=C(OC(C(=O)O)C2=CC=C(Cl)C=C2)C=C1, HIZHRVVRUJOGCY-UHFFFAOYSA-N
CCCCN(C)C(=O)C1=CC=C2C(=C1)C1=C(N2S(=O)(=O)CC)CN(C2CCCC2)C1, OZLHJBSTXWDJKT-UHFFFAOYSA-N
O=C1C2=CC=CC=C2C2(C3=CC(C(F)(F)F)=CC(C(F)(F)F)=C3)NCCN12, UYGSTBVLPIFNCD-UHFFFAOYSA-N
OC1=NN=C(CC2=CC=C3C=CC=CC3=N2)C2=CC=CC=C12, GZNCFRBAWXAROU-UHFFFAOYSA-N
O=C(C1=CC=CC=C1)N(CC(O)CN1C2=CC=CC=C2C2=CC=CC=C12)C1=CC=C(C(F)(F)F)C=C1, WRZWNGDNMKKPBC-UHFFFAOYSA-N
COC1=CC(OC)=CC(C2=CC3=CN=C(NCCCN4CCN(C)CC4)C=C3N=C2NC(=O)NC(C)(C)C)=C1, ABQSJCCISLWTEW-UHFFFAOYSA-N
O=C(O)C1=CC=NC(N2N=CC=C2OC2CCCC3=CC(Cl)=CC=C23)=C1, MYEIDQDVSWLKKZ-UHFFFAOYSA-N
COC1=CC=CC(/C=C/C(=O)OCC(=O)NC2=CC=C(Cl)C(S(=O)(=O)N(C)C)=C2)=C1, VGRLQPPWTVAVCL-JXMROGBWSA-N
N[C@H]1CC[C@H](NC(=O)C2=NC(Br)=C3C=CC=NC3=C2NCC2=CC=C(F)C=C2)CC1, RYIDKSWQOIOIRY-WKILWMFISA-N
CC1=NC2=CC=CN=C2N1C1=CC=CC(C(=O)N2CCN(C3=CC=C(Cl)C=C3)CC2)=C1, UKUVGWIFFPYCNX-UHFFFAOYSA-N
CC(=O)O[C@H]1C[C@@]2(C)C(C[C@@H](O)C3[C@@]4(C)CC[C@@H](OC(=O)C(C)N)[C@@H](C)C4CC[C@]23C)/C1=C(\CCC=C(C)C)C(=O)OCC1=CC=CC=C1, QVXHWTJFEXUBPW-KZYPAZRSSA-N
CNC1CN(C2=NC(N)=NC3=CC(C#N)=CN=C23)C1, FKEZNZQUWVVTHQ-UHFFFAOYSA-N
CC1=NC=C([N+](=O)[O-])N1CCOC(=O)NC(N1C=NC2=C(OCC3=CC=CC=C3)N=C(N)N=C12)C(Cl)(Cl)Cl, LUEUGTQBZZJOJQ-UHFFFAOYSA-N
FC1=CC=C(CSC2=NN=C(CN3N=NC4=CC=CC=C34)O2)C=C1F, RRCPWGPIIDSJTM-UHFFFAOYSA-N
CCCC[C@H](O[C@@H](CC1=CC=CC=C1)C(=O)N1CCC(OCS(C)(=O)=O)CC1)C(=O)N[C@@H](CC1CCCCC1)[C@@H](O)[C@@H](O)CC(C)C, SLXJIYPCVXJXJL-PJRHAEEISA-N
O=C(OCC1=COC2=CC(O)=CC(O)=C2C1=O)C1=CC=CC=C1, NUKMHTJDIQPDCJ-UHFFFAOYSA-N
O=C(C[C@@H]1C[C@H]2C3=CC(NC(=O)C4=CC=CN=C4)=CC=C3O[C@H]2[C@H](CO)O1)NCC1=CC=C(OC2=CC=CC=C2)C=C1, UDXLZRDTGQGCED-YGJQFJFHSA-N
CNC[C@H](CC1CCCCC1)NC(=O)N1CCC[C@@H]([C@@](O)(CCCCOC)C2=CC=CC(OC)=C2)C1, NDXHJDVLMQJJQL-UWPQIUOOSA-N
CC1CC(C)(C)N=C(S)N1CCC(=O)N1CCN(CC2=CC=CC=C2)CC1, LLZFPXYQEGYODU-UHFFFAOYSA-N
C1=CC(C2=NOC([C@@H]3CCCN3C3CCC3)=N2)=CC(N2CCCC2)=N1, MIPLKJPTQFTNCT-INIZCTEOSA-N
CCC1=C(OC(=O)N(CC)CC)N2C(=O)O/C(=N\CC3=CC=CC=C3)[C@]2(C)[C@H]2C1=CC[C@H]1C(=O)N(CC)C(=O)[C@@H]21, CNGACCZHVNABHX-WZJDMNOTSA-N
CC[N+](C)(CC)CCCCNP(=O)(OCC1=CN=C([N+](=O)[O-])N1C)N(CCCl)CCCl.[I-], HNRPMNHNIDJKSN-UHFFFAOYSA-M
CC1=CC=CC2=CC(CN(CC3=CC=CS3)C(C3=NN=NN3C3CCCC3)C(C)C)=C(O)N=C12, RUSMMCWHLBQXAL-UHFFFAOYSA-N
O=C(COC1=CC=CC=C1Cl)NC1=CC(Cl)=CC=C1C(=O)O, CVQCJPCMPGKEDH-UHFFFAOYSA-N
CC1=CC=C(CN(CC2=CC=CC=N2)C(=O)[C@H]2CC[C@@H](N)C2)S1, PBORHGSPPFQEAL-LSDHHAIUSA-N
CC1=CC=C(C2=NN=C(C3=CC=C(CN4CCN(CCN)CC4)C(C(F)(F)F)=C3)O2)C=C1NC1=NC=CC(C2=CC=CN=C2)=N1, ZCECJELGEOTJQW-UHFFFAOYSA-N
C1=CC=C2C(NCCCCCCNC3=C4C(=NC5=CC=CC=C35)CCC4)=C3C(=NC2=C1)CCC3, OTTDOZLQGARJRG-UHFFFAOYSA-N
CCOC1=CC=C(CCNC(=O)CC2=NNN=N2)C=C1OCC, OBODKNFPJUZOIA-UHFFFAOYSA-N
COC1=CC2=C(C=C1OC)CN(C1=CC=C(C3=CC=CC=C3OC)N=N1)CC2, IALYRNAZULNMEL-UHFFFAOYSA-N
NC1=NON=C1C(=O)NCC1=CC=CC=C1, WIZWIPZFCXEPIC-UHFFFAOYSA-N
CC(C)CO/N=C1\C[C@@H](O)[C@@H](O)[C@H]2[C@@H]1CC[C@H]1C(=O)N(C3=CC=C(F)C=C3F)C(=O)[C@@H]21, IQJRRHANLCJZMZ-IJBPNXEISA-N
CCCCCS(=O)(=O)NCC1=CC=C(C(=O)O)C=C1, QVLNOHYKDQDFDI-UHFFFAOYSA-N
CCCC1=CC=C(OCC(=O)NNC(=S)NC(=O)C2=CC=CO2)C=C1, SWKUQMFTWFTAQQ-UHFFFAOYSA-N
CCC1=CC=C(OCCCCN2C=CN=C2)C=C1, NRHUFCAEFOGFQG-UHFFFAOYSA-N
CC1=CC(S(=O)(=O)N[C@H]2CCN([C@H](CC3=CC4=CC=NC(N)=C4C=C3OC(F)(F)F)C(=O)O)C2=O)=CN=C1N(C)C, PMQKOMRVCJPMLV-RBUKOAKNSA-N
CCOC1=CC=C(CNC2=CC=C(N3CCN(CC4=CC=CC=C4)CC3)C=C2)C=C1, LSQRYZDRBPWXTJ-UHFFFAOYSA-N
CCCCN(CCNP(=O)(OCC)OCC)CP(=O)(OCC)OCC, AEWFLRDOQHBROH-UHFFFAOYSA-N
O=C(NC1=NC(C2=CC=CC=N2)=CS1)C1=CC=CC(Cl)=C1, CXXYOXYJJIVXSW-UHFFFAOYSA-N
CCCN1[C@H](C(=O)OC)C[C@H]2CC[C@H](O)C[C@@H]12, JFTCGPFMAZOKGM-KXNHARMFSA-N
CCCOC1=CC=C(N2C(=O)CC(N3CCC(C(=O)OCC)CC3)C2=O)C=C1, WLRBRLHIZWBIQE-UHFFFAOYSA-N
CN1C2CCC(C)(C)C1CC(OC(=O)C(O)(C1=CC=CS1)C1=CC=CS1)C2, AMHPTVWBZSYFSS-UHFFFAOYSA-N
CC1=CC=C(N2N=NN=C2C2=CC=CN=C2)C=C1, XLTASQGIWFMNJU-UHFFFAOYSA-N
CC1=CSC2=CC([C@H](C)NC3=NC=NC(N)=C3C#N)=C(CC3=CC=CC(CN4CCC4)=C3)C(=O)N12, ITLXLQIYXORZBH-KRWDZBQOSA-N
CCNC1CCCCC2=CC(=C(OC)C=C2)OC2=C(OC)C=CC(=C2)CC1, PJLVYLNYNYETHK-UHFFFAOYSA-N
COC1=CC(C2=C3C=CC(=CC4=NC(=CC5=CC=C(C=C6N=C2C=C6)N5)C=C4)N3)=CC(OC)=C1OC, HPZMZQYJADMXGI-UHFFFAOYSA-N
C=CCC(C1=CC=CC=C1)N(C(C)=O)C1=CC=CO1, KWAXAMVLUTXYKN-UHFFFAOYSA-N
NC1=NC(S)=C2N=CN(C3CC(O)C(CO)C3)C2=N1, AJXWRHSYGALQIU-UHFFFAOYSA-N
CCCN(CC(=O)N1CCN(C2CCN(C)CC2)CC1)C(=O)C1=NC2=CC=CC=C2N1CC1=CC=CC=C1, ZCMVVJGHNMLLND-UHFFFAOYSA-N
O=C(CN1CCN(C2=CC3=C(C=C2F)C(=O)C(C(=O)O)=CN3C2CC2)CC1)NC1=NC2=CC=C(F)C=C2S1, DRARVLFZUMBHTL-UHFFFAOYSA-N
CNC[C@H](CC1CCCCC1)NC(=O)N1CCC[C@@H]([C@@](O)(CCCNC(=O)C2CC2)C2=CC=CC(Cl)=C2)C1, HPVVKNNRNANXAZ-JUFIIOIISA-N
COC1=CC=C(C(C)=O)C=C1CSC1=NC2=CC=CC=C2C(=O)N1C1=CC=CC(C)=C1, BALGLXVDJIQVRU-UHFFFAOYSA-N
O=S(=O)(O)CCCN1CCOCC1, DVLFYONBTKHTER-UHFFFAOYSA-N
COC1=CC=CC=C1N1CCN(C(=O)C2=NOC(CC(C)C)=C2)CC1, SNTZEUMNYVXVSL-UHFFFAOYSA-N
O=C(C1=CC(F)=CC(F)=C1)C(O)C1=CC(F)=CC(F)=C1, RDAYGBPKZORYGI-UHFFFAOYSA-N
CO[C@H]1CC[C@@]2(C)C(=CC[C@H]3[C@@H]4CC=C([C@H](C)N(C)C=O)[C@@]4(C)CC[C@H]23)C1, UWFDYAWULNEXBD-YULCGJSVSA-N
CC1=CC=C2C(=C1)C1(CCNCC1)CC2NC1CC1.Cl.Cl, INALXPSCMRQNIY-UHFFFAOYSA-N
N=C1C(C(=O)NC2CCCC2)=CC2=C(N=C3N(C2=O)C=CC=C3)N1CC1=CC=CC=C1, XMGFOLDYCLKCBD-UHFFFAOYSA-N
CC1=CC=C(CNC2=NC3=CC=C(C)C=C3N3N=NN=C23)C=C1, UKOSIJCXESYYND-UHFFFAOYSA-N
O=C(CN1CC[C@@H](C2=CC(C3=CC=C(Cl)C=C3)=NN2)[C@H](C2=CC=C(F)C=C2)C1)C1=CC=CC=C1.O=C(O)C(F)(F)F, MULXWNMTBYLTHZ-KGQXAQPSSA-N
O=C(O)C1=CC(COC2=CC=C(C3=CC=CC=C3)C=C2)=C(C(F)(F)F)O1, SAGWNXBYZYNMDZ-UHFFFAOYSA-N
CCOC(=O)N[C@H](CC1=CC=C2C=CC=CC2=C1)C(=O)N(C)[C@@H](CCCN=C(N)N)C(=O)N[C@@H](CC(N)=O)C(=O)N[C@H](C(=O)O)C(C)C, DTVUNGVLCHTUFC-UHCVVMIDSA-N
CNC1=NC(=O)C2=CC3=CC=CC=C3N(C)C2=N1, DGTLYCXRLUHZDO-UHFFFAOYSA-N
COC1=CC(C2=NN(C3CCN(C4CCOCC4)CC3)C3=NC=NC(N)=C23)=CC=C1NC(=O)C1=CC2=CC(C#N)=CC=C2N1C, BXDOISZIOCCOSD-UHFFFAOYSA-N
O=C(/C=C/C1=CC=CC=C1Cl)C1=CC=CC(N2CCCCC2)=C1, OYRURKTYBYPRJP-VAWYXSNFSA-N
ClC1=CC2=C(NC(C3=CC=CN=C3NCCC3=CC=C(C4=CC=CC=C4)C=C3)=N2)C=C1Cl, NBJADKABGDEAKF-UHFFFAOYSA-N
CCC(C)(C)C1=CC=C(OCCCCCN2CCC(C)CC2)C=C1.O=C(O)C(=O)O, DXDUQLMAAOSGSO-UHFFFAOYSA-N
O=[N+]([O-])C1=CC=CC2=CC=C(/C=C/C3=CC=C(C(F)(F)F)C=C3)N=C12, PFOHTWCAPYUHGL-UXBLZVDNSA-N
FC1=CC=CC(NCC2=CC=C(CNC3=CC=CC(F)=C3)N=C2)=C1, MVPZNKOEXQWDPX-UHFFFAOYSA-N
CC(=O)N1N=C(C2=CC=C(N3N=C(C)N(N)C3=O)C=C2)CC1C1=CC=CC=C1, MNIDWLWYGMGCFC-UHFFFAOYSA-N
CCOC(=O)C(=O)NC1=CC=CC(OC)=C1C(N)=O, GGLRYZACPLNCKB-UHFFFAOYSA-N
COC1=CC(C2=CC(=O)C3=C(O)C(O[C@H]4C[C@@H](O)[C@H](O)[C@H](C)O4)=C(O)C=C3O2)=CC=C1O, LORQHSFIQJBWBT-DKVFDIBASA-N
CC1=CC=C(CN2CCC[C@@H]2CN2CCCC2)C=C1NC(=O)C1=CC=C(NC2=NC=C(C)C(C3=CC=C(OC(F)(F)F)C=C3)=N2)C=C1, XMLIKLBZSQESMV-SSEXGKCCSA-N
CCC1SC(N/N=C/CCSC2=CC=CC=C2)=NC1=O, ACFOVCHSVMOGQU-OQLLNIDSSA-N
O=C(CCC1=NC(C2=CC=CC=C2F)=NO1)NC1CCCCC1, ZKIWWIPUSMTEEJ-UHFFFAOYSA-N
CC(C)=CC(=O)O[C@@H](CO)COC(=O)C=C(C(C)C)C(C)C, LGDVAJMMQSPBGB-AWEZNQCLSA-N
O=C(O)C1=CC=NC(N2N=CC=C2OCC2=CC=CC=C2)=C1, FPJJSKKWGRACAX-UHFFFAOYSA-N
C#CCN1C(=O)C2=C(N=C(/C=C/C3=CC=CC(Cl)=C3)N2)N(CC(C)C)C1=O, XGQKCXRYLZPINK-CMDGGOBGSA-N
CC1=CN=C(C)C(N2CCN(CC3=C(C)OC(C4=CC=C(C)O4)=N3)CC2)=N1, MWLVSUWQQMVRQX-UHFFFAOYSA-N
CC(=O)N[C@@H]1[C@H](O)O[C@@H](CO)[C@@H](O)[C@@H]1O[C@@H]1O[C@@H](CO)[C@H](O)[C@H](O)[C@@H]1O, HMQPEDMEOBLSQB-MKPFUTSWSA-N
CCC1=CC=C(NC(=O)N2CCN(C3=CC=C(F)C=C3)CC2)C=C1, XVPAXABLDFKCJC-UHFFFAOYSA-N
NC(CO)(CCC1=CC=C(C2=COC(C3=CC=C(C(F)(F)F)C=C3)=N2)C=C1)COP(=O)(O)O, OURWRKRFAJCZAV-UHFFFAOYSA-N
N=C(N)NCCC[C@H](NC(=O)[C@H](CO)NC(=O)CN(CC1=CC=CC=C1)C(=O)[C@H](CCCNC(=N)N)NC(=O)[C@@H](N)CCC(N)=O)C(=O)O, UGUJITSAGQQEAE-TUFLPTIASA-N
COC1=CC(C(=O)NCC2=CN=C(OC3=CC=C4C(=C3)CCC(C3=CC=CC=C3)O4)S2)=CC=N1, UZLMCVVBXZXYOC-UHFFFAOYSA-N
C#CCN(C(=O)C1=CC=C(OC)C(OC2CCN(C(C)C)CC2)=C1)C1CCCCC1, KQCOJENBTSCUBC-UHFFFAOYSA-N
O=C1NC=C(SCC2=CC=CC=C2Cl)C=C1O, UIZSLXWPXZEQDK-UHFFFAOYSA-N
O=C(CN1CCN(C2=CC=CC(C(F)(F)F)=C2)CC1)NC1=CC=C2C(=C1)OCCCO2, CKWKFEUTCSGMTM-UHFFFAOYSA-N
CC1=NOC(C)=C1C(C1=CC=C(C(C)C)C=C1)N1CC[N+](C)(C)CC1, HGXVOQYDMPTWTI-UHFFFAOYSA-N
O=C(CN1C(=O)SC2=CC=CC=C12)NCCOC1=CC=CC=C1F, QULUKOICHFEIJD-UHFFFAOYSA-N
C/C(N)=C(/C#N)C(=O)COC(=O)C1=CC=C(O)C=C1, OKWNRLVXIVHVLV-DHZHZOJOSA-N
CC(=O)NC1=CC=CC(C2CCN(CCCN3C(C4=CC=C(Br)C=C4)=NC4=CC=CC=C34)CC2)=C1, VGOMSEQXNMIQQZ-UHFFFAOYSA-N
CSC1=CC=CC(NC(=O)NC2=CC=CC3=CC=C(O)C=C23)=C1, GYHZBYPKMNZJKG-UHFFFAOYSA-N
CC(C)CN(CCCCC1=CC=CC=C1)C(=O)C(N)C(=O)NO, HEMDRZGKIPPJAW-UHFFFAOYSA-N
C=C1C(=O)O[C@H]2C3=C(C)C(OC(=O)C4=CC=CN=C4)=CC(C)=C3CC[C@@H]12, PVHBNBZBXUWLBW-QFBILLFUSA-N
O=[N+]([O-])C1=CC=CC(N/N=C/C2=CC=C(N3CCOCC3)C=C2)=C1, NNRLZDQFBNPUON-QGOAFFKASA-N
CC1=CC([C@H](N)C(F)(F)F)=NC=C1C1=CC=C2C=C(NC(=O)C3C[C@@H]3F)N=CC2=C1, JTMLSGGBBKYZLY-LEKXZLICSA-N
CC(=O)[C@@]1(O)[C@H](C)C[C@H]2[C@@H]3CCC4=CC(=O)C=C[C@]4(C)[C@@]3(F)[C@@H](O)C[C@]12C, IKGBPSZWCRRUQS-QAHQDLQKSA-N
COC1=CC=C2N=C3C=C(Cl)C=CC3=C(NCCCN(CCCNC3=C4C(=NC5=CC(Cl)=CC=C35)C=CC(OC)=C4)CC3=CC=C(Br)O3)C2=C1, SJGMTSWAPUKQDL-UHFFFAOYSA-N
CC(=O)OC1=C(C)C=CC=C1C(=O)NC1=NC=C([N+](=O)[O-])S1, MPONXFAKJYAZSY-UHFFFAOYSA-N
CC1=NC=CC2=C1N(CCCCCCN1C3=CC(OC(C)C)=CC=C3C3=CC=NC(C)=C13)C1=CC(OC(C)C)=CC=C21, JUDIQOBYRMCKQX-UHFFFAOYSA-N
COC1=NC(C2=NN(CC3=CC=CC=C3F)C(C3=NOC=C3)=C2)=NC=C1F, SGJXCKCBCGRUQQ-UHFFFAOYSA-N
CCN(CC)S(=O)(=O)C1=CC=C(C(=O)NCCCNC2=NS(=O)(=O)C3=CC=CC=C23)C=C1, KHQQULAVVRIZOK-UHFFFAOYSA-N
CC1=CC(=O)NC(=O)N1C1C=CC(OC(=O)C2=CC=CC=C2)C1, WUBPOBJNEUHUTE-UHFFFAOYSA-N
COCCCNS(=O)(=O)C1=CC=C(OC2=NC=C(C(F)(F)F)C=C2Cl)C=C1, ZKHMWPAAYBGYRT-UHFFFAOYSA-N
COC1=CC=C(C(CNC(=O)C(C)OC2=CC=C(Br)C=C2)N2CCCC2)C=C1, GWWIBRFSRCTQIQ-UHFFFAOYSA-N
COC1=CC=CC(N2CCN(C(=O)C3=CC([N+](=O)[O-])=CC=C3N3CCOCC3)CC2)=C1, GLWIPFBFVQOOGK-UHFFFAOYSA-N
O=[N+]([O-])C1=CC=C(OCC2CCN(CC3=CC=C(F)C=C3)CC2)C=C1, HTYUTOAGQKZAEN-UHFFFAOYSA-N
CCC(C(=O)N[C@@H](CC(=O)O)C(=O)CNCN1CCC2=CC=CC=C2C1)N1C=CN=C(NCC2=NON=C2C)C1=O, MDRQEFUKIMUQFX-AIBWNMTMSA-N
COC1CN(C(=O)C2=CC=C(C3=CC=C4N=C(C(C(=O)NCCS(N)(=O)=O)S(C)(=O)=O)SC4=C3)C=C2)C1, VJSAWYZVLZLFPP-UHFFFAOYSA-N
CCC(CC)(CN)C(=O)N1CCOC(C)(C)C1, WFIQHZHXONNEFZ-UHFFFAOYSA-N
CCCCCCCCSC(=O)OC1=CC(Cl)=NN=C1C1=CC=CC=C1, JTZCTMAVMHRNTR-UHFFFAOYSA-N
COC(=O)C1=C(C)N=C(NC2=CC=CC=C2N2CC3(CCN(CC(C)(C)C)CC3)C3=CC=CC=C23)S1, YZLZNKMDLFOCFV-UHFFFAOYSA-N
CC1=CC=C(C(=O)NC2=CC=C(CN3CCN(CCF)CC3)C(C(F)(F)F)=C2)C=C1C#CC1=CN=C2C=CC=CN12, CSMOSYIFOGJHKG-UHFFFAOYSA-N
CN(C)CCCCOC1=CC=CC=C1CCC1=CC=CC(Cl)=C1.Cl, NCJIYHBOSUBXEC-UHFFFAOYSA-N
O=C1OC2=CC(Br)=CC=C2C=C1C1=NC2=CC=CC=C2N1, YPTJNIBVBKYEEA-UHFFFAOYSA-N
CC(=O)N[C@@H](CC(C)C)C(=O)N[C@H](CC(C)C)C(=O)N[C@@H](C=O)CCC(=O)OC(C)(C)C, JJRKTSPBEWBPMR-CEXWTWQISA-N
CCNC(=O)N(CC)C[C@H]1N[C@@](CC)(C(=O)OC)[C@H]2C(=O)N(CC3=CC=CC=C3)C(=O)[C@@H]12.O=C(O)C(F)(F)F, BFDUSAWMNSFLSO-SUUZZYOJSA-N
O=C(C(=O)N1CCN(C(=O)C2=CC=CC=C2)CC1)C1=CNC2=C(C3=CSC=C3)C=CC(F)=C12, XFOWEKUCAOAHPD-UHFFFAOYSA-N
CN(C)C1=CC=CC(OCC2CCN(CC3CC3)CC2)=C1.O, APSAKPVVAQGPPP-UHFFFAOYSA-N
O=C(COC1=CC=C(Cl)C=C1Br)N1CCN(C2=CC=CC=C2)CC1, KCKDFGFWZWHIMF-UHFFFAOYSA-N
O=[N+]([O-])[C@H]1[C@H](C2=CC=CC=C2Br)CCN(CC2=CC=CN=C2)[C@@H]1C1=CC=C2NC=NC2=C1, PUMGXQBGJAEZHJ-IEXUWNMDSA-N
COC1=CC=CC=C1CNC(=O)C1CCC(CNS(=O)(=O)C2=CC=CS2)CC1, QHHLWRWNHQXBKD-UHFFFAOYSA-N
CNC(=O)CSC1=NC2=CC=C(NC(=O)C3=CC=C(Cl)C=C3)C=C2S1, QBHPBZZFBDVFFR-UHFFFAOYSA-N
CC(=O)C1=NN(CC(=O)N2[C@H](C(=O)NCC3CCCC(C(F)(F)F)C3)C[C@H]3C[C@@H]23)C2=CN=CC=C12, CWOOZDSAXNDAHB-GWNQARJWSA-N
CC1=CC=CN=C1C1=CC(OC2=CC=C(S(C)(=O)=O)C=C2)=CC(C(=O)NC2=NN(C)C=C2)=C1, BLJWZLWQWDOSMG-UHFFFAOYSA-N
C1=CSC(C2=NC3=CC=C4NN=CC4=C3C3=C2CCCC3)=C1, JOWZHWLQJUVEAC-UHFFFAOYSA-N
CC1=NNC=C1C1=CSC(NC2=CC=CC=N2)=N1, YDOWIMXOKOTLRG-UHFFFAOYSA-N
CCCCCCCN1CCC(=O)N([C@H](CO)CC2=CC=CC=C2)CC1, RMYZFVAOIVUOKB-FQEVSTJZSA-N
O=C(O)COC1=CC(CC2CCN(CCC3=CC=C4C(=C3)C(=O)C(O)CO4)CC2)=CC=C1Br, PBYSDJPXQGOXIM-UHFFFAOYSA-N
N#CC1=C(N)OC2=NC=NC(O)=C2C1C1=CC=CS1, XQHXUFTWMPGRPV-UHFFFAOYSA-N
O=C1CC[C@](CCN2CC(N3CCC(F)CC3)C2)(C2=CC=C(Cl)C(Cl)=C2)CN1CC1CC1, PAKKKIKZKRULST-RUZDIDTESA-N
CC1(C)[C@H](C(=O)N=C(N)N)[C@H]1C1=CC(Cl)=CC=C1Cl, HLZVVLMUAFJYCR-ZJUUUORDSA-N
CCN1C=NC2=C1C(=O)NC(=O)N2CC1=CC=C(CNS(=O)(=O)C2=CC=CC(C3=CC=CC=C3)=C2)C=C1, GJVIERLLMILFBX-UHFFFAOYSA-N
FC1=CC=C(OC2=CC=C(C3=NC(NCCCN4C=CN=C4)=NC4=CC=CC=C34)C=C2)C=C1, DBXNGDMPZVOHPX-UHFFFAOYSA-N
CCN(CC)C(=O)C1=CC(Cl)=CC(C)=C1NC(=O)C1CC(C2=CC=C(F)C=C2)=NO1, TXNDQRUHIVXZPC-UHFFFAOYSA-N
COC1=CC=C(S(=O)(=O)N(CCC2=CC=CC=C2)CC(=O)O)C=C1Cl, FVSDFHKTRXNTNX-UHFFFAOYSA-N
CC1(C)OC(/C=C/C2=CC=CN=C2)=CC1=O, JJSJXYVOHHMPQN-AATRIKPKSA-N
CC[C@@H]1C(=O)N(C)C2=CN=C(N3C=CC4=CC(F)=CC=C34)N=C2N1C1CCCC1, IXXVOBKEHRSFMP-QGZVFWFLSA-N
O=C1C2=CC=CC=C2N=C(CCC2=CNC3=CC=CC=C23)N1C1=CC=CC(Br)=C1, UNMPPPGEZMOFAY-UHFFFAOYSA-N
COC1=CC=C(C(=O)NC2=CC(C)=C(NC(=O)C3=CC=CC=N3)C=N2)C=C1, DKNICMFSCPSEIP-UHFFFAOYSA-N
CC1=C(F)C=CC=C1C(=O)NC1=CC=CC=N1, JXYOTCLICONIGY-UHFFFAOYSA-N
C=C1C(=O)O[C@H]2[C@H]1CC/C(COC(=O)C1=CN(C)C3=CC=CC=C13)=C/CC[C@@]1(C)O[C@@H]21, YXUCGRIKEPQUEQ-ARDXYTESSA-N
CC1=C(C2=NC3=CC(C(F)(F)F)=CC=C3N2C)C(C2=CC=C(Cl)C(Cl)=C2)N2N=CC=C2N1, LPCVZVMPDVFMLI-UHFFFAOYSA-N
CC1=CC2=C(C=C1C1=CC=C(NCC3=C(F)C=CC=C3Cl)N=C1)OC(F)(F)O2, BYKSGIBZZYJFEU-UHFFFAOYSA-N
CC(=O)NC(C(=O)NCCCC(NC(=O)C1=CC2=CC=CC=C2N1)C(=O)N[C@H](CC1=CC=CC=C1)C(=O)N(C)CC1=CC=CC=C1)[C@@H](C)O, ZMONKGJOFYGVRE-OHDFALRFSA-N
CC1=CC=C(O)C(C(=O)C2=CN=CN=C2)=C1, BGJPJCPOUAXYOC-UHFFFAOYSA-N
OC1=CC=C(O)C(C2CCCCCCC2)=C1, OCFACRWFEFGYDB-UHFFFAOYSA-N
CC1=NN2C(=O)C=C(C3=CC=C(OC(C)C)C=C3)NC2=C1CC1=CC=C(Cl)C=C1, SEOZZTGAEFZRNA-UHFFFAOYSA-N
C[C@@]12C(=O)N(C3=CC=CC(Br)=C3)C(=O)N1[C@H](C1=CC=C(Cl)C=C1)[C@@H]1C(=O)N(C3CCCCC3)C(=O)[C@H]21, UIFKHGUXZDWVGO-XAYSYOTPSA-N
CCCCCCSC1=CC(C2=C(NCC3=CC=CC=C3)N3C(=N2)C=CC(C)=C3)=CC=C1OC.O=C(O)C(F)(F)F, TVRDBPADUACMGY-UHFFFAOYSA-N
COC1=CC2=C(C=C1OC)C(CC(=O)O)CC2, QDTUIHOOSMFIDM-UHFFFAOYSA-N
CN(C)CCO[C@]1(C2=CC=CC=C2)C[C@H]2CC[C@]1(C)C2(C)C, QOBGWWQAMAPULA-RLLQIKCJSA-N
CCS(=O)(=O)OC1=CC=C2C(C)=C(C)C(=O)OC2=C1, CHDGAVDQRSPBTA-UHFFFAOYSA-N
NC1=NC=NC2=C1N=C(SC1=CC3=C(C=C1Br)OCO3)N2CCC1CCN(C(=O)[C@@H]2CCCN2)CC1, PEHIYOQUUMHTNJ-INIZCTEOSA-N
CN(C)C1=CC=C(C#CC2=NC=NC(NC3CCCCC3)=C2C2=CC=C(Cl)C=C2)C=C1, SVETZGCVGDLYIP-UHFFFAOYSA-N
CC(=O)SCCSP(=O)(OCC1=C(O)C=C(N2C=C(C)C(=O)NC2=O)O1)OC1=C(CO)OC(N2C=C(C)C(=O)NC2=O)=C1, QHSJBEKEFQKRGE-UHFFFAOYSA-N
CCN(C)C(=O)OC1=CC=CC(CCNC(=O)/C=C/C2=CC=C(O)C(OC)=C2)=C1, GJLZZFMOTYNFTR-PKNBQFBNSA-N
CC1=NC=C(F)C=C1C1CCCN1C1=NC2=C(C(=O)NC3CCC3)C=NN2C=C1, PKQNMQSZDCVFLD-UHFFFAOYSA-N
COC1=CC=C2C=CC=C(CCNC(=O)C3CN(C(=O)C4=CC=NC=C4Cl)C3)C2=C1, NOTHLVOFIJJGMM-UHFFFAOYSA-N
CN1CCN(CC2=CC=C(C(=O)NN(C3=NC(C#N)=NC=C3Br)C3CCOCC3)C=C2)CC1, OYUPEYJGGPSRJI-UHFFFAOYSA-N
CC1=CC=C(OCCOCCN(C)C)C(Cl)=C1.O=C(O)C(=O)O, NEEOLTLKERUGGM-UHFFFAOYSA-N
CC1=CC=C2C(NCC3=CC=C(NC(=O)C4CCN(CC5=CC=C(F)C=C5F)CC4)C=C3)=NC(N(C)C)=NC2=C1, QMMLHHLWVXDIKW-UHFFFAOYSA-N
O=C(O)CCN1C=C(C2=CC=C3C(=C2)C(O)(C(F)(F)F)C2=CC=CC(CO)=C32)C=N1, RDHKGHQJVMOWRC-UHFFFAOYSA-N
CCOCCCNC(=O)C1CCN(S(=O)(=O)N2CCCC2)CC1, JGTHUDHDZLHWCK-UHFFFAOYSA-N
CC(=O)/C=C/[C@H](CCC1=CC=CC=C1)NC(=O)[C@H](CC1=CC=CC=C1)NC(=O)N1CCOCC1, ZJVCOZGAILQSJE-BMRFZXAMSA-N
O=C(O)C1=CC=C(NC(=O)C2=CC3=CC(Br)=CC(Br)=C3OC2=O)C=C1, YKRJYBLIPVQHIC-UHFFFAOYSA-N
CC1=NC2=CC(C3=CC=CS3)=NN2C(NCC(C)(C)CN(C)C)=C1C, UGODZDORNQOVFI-UHFFFAOYSA-N
CC(C)C[C@H]1CNC(=S)N1C[C@H]1CCCN1C[C@H](CC1=CC=C(O)C=C1)N1C[C@H](CC2=CC=CC=C2)N(CCC2=CC=CC=C2)C1=S, JVYPBTFUSNVQST-WISKXVKBSA-N
CN(C)CCCN1CCCC2=CC(NC(=N)C3=CC=CS3)=CC=C12, YTJHJFNOCXBJFN-UHFFFAOYSA-N
CCCCC1=CN(CC/N=C2\C[C@H]3CC[C@]2(C)C3(C)C)N=N1, GVOGABPGKFWBNS-LLSZRQSJSA-N
COC1=CC=CC([C@H]2OC3=CC(O)=CC(O)=C3C(=O)[C@@H]2O)=C1, QHIXZDPZNKHNBX-JKSUJKDBSA-N
CCOCCC(=O)N1CCC2(CCNCC2CO)CC1, IYKQEQLCCONZGW-UHFFFAOYSA-N
OC1=CC=C(CC2=NN=C3C=CC(C4=CC=CC=C4)=CN23)C=C1, AIZTYZRNBCCRMR-UHFFFAOYSA-N
COC1=CC(OCC2=C(C)SC(C3=CC=NC(F)=C3)=N2)=C2C=C(C3=CN4N=C(C)C=CC4=N3)OC2=C1, WYIXGZUDGCSVKP-UHFFFAOYSA-N
CCC(=O)NN1C=NC2=C(C1=O)C1(CCCCC1)CC1=CC=CC=C21, RGWGQAIGACORTH-UHFFFAOYSA-N
CCNC(=O)C1=CC=CC(NC(=O)CCC(=O)C2=CC(C)=CC=C2C)=C1, DKNPRPFGGWHHMX-UHFFFAOYSA-N
C/C(=C1/CCOC1=O)[C@@H](O)[C@@H]1OCC[C@@H](O)[C@H]1O, WFDVOZUFGQXBMN-GICOJTESSA-N
COC1=CC=C(OC)C(CNC2=NC=C(C3=CC=C(F)C=C3)N2C)=C1, KCJPHIFGAYCDQF-UHFFFAOYSA-N
CC[C@@]1(O)CCN(C(=O)C2=CC=CN=C2OC)C[C@H]1O, AIMJDSLMZCDDNT-BXUZGUMPSA-N
O=C(OC[C@]1(C2=CC=CC=C2)CC[C@H](N2CCC(C3=CC=C(F)C=C3)CC2)CC1)C1=CC(C(F)(F)F)=CC(C(F)(F)F)=C1, SKAYGFFLRFARDX-OZIXAUCHSA-N
C1=CC=C(NCCNC2=NC3=C(C4=CC=C5C=CC=CC5=C4)C=NN3C=C2)C=C1, MZEJDMPWCOAAGT-UHFFFAOYSA-N
CCN1SC2=CC=CC=C2C1=O, RTMDCQYUXWCPQG-UHFFFAOYSA-N
N#CC1=CC=C(C(=O)N2CCC3(CC2)N=C(N)C2=C(F)C=CC(F)=C2N3)C=N1, GIZYIOOBBUHOBS-UHFFFAOYSA-N
OC(CCCN1CCC2=C(C3=CC(F)=CC=C3N2C2=CC=C(F)C=C2)C1)C1=CC=CC(C(F)(F)F)=C1, OSPSRUWHYMZFBP-UHFFFAOYSA-N
C=C1C(C)CO[C@@]12C[C@@H](C)[C@H]1[C@H](C[C@@]3(C)[C@@H]4CC[C@H]5[C@](C)(C(=O)O)[C@@H](O)CC[C@@]56C[C@@]46CC[C@]13C)O2, YCCIEQLSDVGOIO-ULKRLTICSA-N
NCCCN1C2=CC=CC=C2CCC2=CC=CC=C12, XJWJQDZWUYUIEM-UHFFFAOYSA-N
C/C(=N\NC(=O)C1=CC=CC(S(=O)(=O)N2CCOCC2)=C1)C1=CC=C(OC(F)F)C=C1, PPJVCMCRSKLLKO-OEAKJJBVSA-N
CC1=CC=C(CC2=NN(CC(=O)N/N=C/C3=CC=CN3)C(=O)N2CCC2=CNC3=CC=CC=C23)C=C1, BSEVBDOXBOJIQR-OCSSWDANSA-N
CCCCCCC(=O)NC1=C2C(=NC3=CC=CC=C13)N(C)CC2, ORLARZUHOHSRIB-UHFFFAOYSA-N
CC(CN1C=CC=N1)N1C=NC2=CC=CC(F)=C2C1=O, BIZPODKYIXENDL-UHFFFAOYSA-N
O=C(N[C@@H]1O[C@H](CO)[C@@H](O)[C@H](O)[C@H]1O)C1=C(Br)C=CS1, HOANBKZKJUWEFS-NEBGFLKFSA-N
COC1=CC=CC=C1NS(=O)(=O)C1=CC=C(N/N=C/C=C/C2=CC=CC=C2[N+](=O)[O-])C([N+](=O)[O-])=C1, YLDWEHIXIVHXFW-QLBRXNFHSA-N
COC1=CC(C2=NNC=C2C2=CC=C(OCC3=CC=CC=C3)C=C2)=CC(OC)=C1OC, QNISRMHWDPVSJV-UHFFFAOYSA-N
CCCCCCOC(=O)NC1=CC=C(NCC2=CC=C(F)C=C2)N=C1N, GBGOLZBCTGKYRE-UHFFFAOYSA-N
CCN(CC)CC.NC1=NC(=O)N(C2C=CC(COP(=O)(O)OP(=O)(O)OP(=O)(O)O)C2)C=C1F, FHFKPIMNMYCUIH-UHFFFAOYSA-N
CCOC(=O)C1CC(=O)C=C(OC(=O)C2CC2)C1, LTAQEJVORRDKTA-UHFFFAOYSA-N
COC(=O)N[C@@H]1CC[C@@]2(C)C(=CC[C@H]3[C@@H]4CC=C(N5C=CN=C5)[C@@]4(C)CC[C@H]23)C1, XSSKMYAGAJTGCW-STPXIVCJSA-N
N[C@H](CC1=CC(Cl)=C(Cl)C(C2=CN=CC(O)=C2)=C1)C(=O)O, JDADEROVQGCQQJ-GFCCVEGCSA-N
CCC(C)(NCC(=O)NC(=O)NC)C1=NC=CS1, ARUDRDZEAIFFFO-UHFFFAOYSA-N
CCN(CC)CCOC1=CC2=C(C=CC(=O)O2)C=C1OC, PITZTJMRXGGMPN-UHFFFAOYSA-N
CC1=NN(C(C)C(=O)N2CCC3=CC=CC=C23)C(C)=C1[N+](=O)[O-], MBNLMEFDTDUAQC-UHFFFAOYSA-N
C=C1C(=O)OCC1C(O)C1=CN(CC2=CC=C(Cl)C(Cl)=C2)C2=CC=CC=C12, ZPPBDGWUMMNKPL-UHFFFAOYSA-N
CN(C)C1=NC2=CC(N3C=NC4=C(SC(C5=CC=C(Cl)C=C5)=C4)C3=O)=CC=C2N1C, KTKFYAKLGPAHKA-UHFFFAOYSA-N
N#[N+]C1=CC=CC(S(=O)(=O)[O-])=C1, MQAGWJGGLKPBSC-UHFFFAOYSA-N
CC1=C(C(=O)NC2=CC=CC=C2)C2(CCCCC2)C(C#N)=C(SCC(N)=O)N1, RHBJVFYWXNXPEB-UHFFFAOYSA-N
NC1=NC=C(C2=CC([C@@H]3[C@H]4CN(C5COC5)C[C@@H]34)=NC(N3CC4CC3C4)=N2)C=N1, FUMFERFWSZGVIW-NGDVZMDKSA-N
C(=N/NC1=CC=CC=C1)\C1=CC=CC=C1, JGOAZQAXRONCCI-SDNWHVSQSA-N
COC1=CC=C(C(=O)COC(=O)CNC(=O)C2=CC=CS2)C=C1Br, WQIORBDAXGTWNE-UHFFFAOYSA-N
CCC1=C(C)SC(NC(=O)C2=CC=C(C)C=C2)=C1C(=O)OC(C)(C)C, YFAWYXOUAYXLDT-UHFFFAOYSA-N
CC1=C(C(=O)N2CCC(C3=NC(C#N)=CS3)CC2)C=NN1C1=NC2=C(C(=O)N1)CCC2, XZBOLNHKGZOWEI-UHFFFAOYSA-N
CN(N=O)C1=CC=CC=C1O, PTOCNKSXDLHDSI-UHFFFAOYSA-N
CC1(C)CCCC(C2=CC=C(Cl)C=C2)=C1CN1CCN(C2=CC=C(C(=O)NS(=O)(=O)C3=CC=C(NCC4CCOCC4)C([N+](=O)[O-])=C3)C(OC3=CN=C4NC=CC4=C3)=C2)CC1, LXEAMSGDMHPGRJ-UHFFFAOYSA-N
CN1C(SCC(N)=O)=NN=C1C1=CC=C(S(=O)(=O)N2CCCC2)C=C1, WXJVTKCKFVWMGE-UHFFFAOYSA-N
CCO/N=C1\CC(N)CN(C2=NC3=C(C=C2F)C(=O)C(C(=O)O)=CN3C2CC2)C1, BFEFHAHFFFXJIT-FOKLQQMPSA-N
CC1=CC=CC(N/C(=N\C(=O)C2=C(C)N=C(C)S2)N[C@H]2CCCCN(CC(=O)N3CCCC3)C2=O)=C1, INQANWBOIDMWHI-NRFANRHFSA-N
C[C@@H]1CN2C(=NN=C2C(F)(F)F)CN1C(=O)C1=CC=CC(C(F)(F)C2=NNC(=O)C3=CC=CC=C23)=C1, SRNBPLVNLYRSLY-GFCCVEGCSA-N
O=C(CSC1=NC2=CN=C(Cl)N=C2N1C1=CC=C(C2CC2)C2=CC=CC=C12)NC1=CC=C(C(F)(F)F)C=C1, QNKOKCUOLJOQDF-UHFFFAOYSA-N
COC1=CC=C(CNC(=O)C2=CC=C(C3=NC(CSC4=CC=CC=C4)=C(C)O3)C=C2)C=C1OC, IWGYBCBNNDUSLE-UHFFFAOYSA-N
COCCOC1=CC=CC=C1C1C(C(=O)C(C)(C)C)C(=O)C(=O)N1C1=CC=C(C2=COC=C2)C=C1, CMZVXOQOJGOXSB-UHFFFAOYSA-N
O=C(NCCCN1CCOCC1)C1=CC=C(Br)S1, NJESGTKAAQYDNZ-UHFFFAOYSA-N
CCC1=CC=C(S(=O)(=O)N2CC[C@@H](N)C2)C=C1CC, MILFXDLBQWNWQW-CYBMUJFWSA-N
CC1=NC([C@](C)(O)C#CC2=CC=C3C(=C2)C2=C(SC(C(N)=O)=N2)[C@](C)(F)CO3)=NO1, JASCOAPMRJUIMY-WOJBJXKFSA-N
CCOC1=CC=CC=C1C=C1C2=CC=CC=C2C(=O)C2=CC=CC=C12, PYHQRWGUQOENPZ-UHFFFAOYSA-N
O=C(O)C(F)(F)F.C1=CC(CNCC2CN3N=NC=C3CO2)=CO1, UPXUTRFDGOIDJI-UHFFFAOYSA-N
COC1=CC=CC(CNC(=O)C2=CC=C(N3CCOCC3)C([N+](=O)[O-])=C2)=C1, LWZPTPFCZNCGBD-UHFFFAOYSA-N
CC1=CC=C(C)C2=C1C=C(C)C1=NN=C(SCC(=O)NC3=NC4=C(S3)CCCC4)N21, YKYSWSVDOCPYKZ-UHFFFAOYSA-N
O=C(NCCCCCCNC(=O)C1=CC=CC=C1)C1=CC=CC=C1, DYEBQBWYGSPVPH-UHFFFAOYSA-N
O=C(CC1=CC(Cl)=CC=C1O)NC1=CC=C([N+](=O)[O-])C=C1Cl, ZKQKWXGNOYDRHH-UHFFFAOYSA-N
CC(C)(C)OC(=O)NCCCCN(CCCN)C(=O)OC(C)(C)C, AGIUPQUTLBAVDK-UHFFFAOYSA-N
COC1=CC=CC=C1C1=NN=C(C2=CC=C(C(=O)NNS(=O)(=O)C3=CC(Cl)=C(Cl)C=C3Cl)C=C2)O1, YQUMUENGLFKEDT-UHFFFAOYSA-N
COC1=CC=C(NC(=O)C2=C(N)C3=CC=C(C4=CC=CN=C4)N=C3S2)C=C1OC, CMMNPBHEUAWBPK-UHFFFAOYSA-N
O=C(C(=O)N1CCC2=CC=CC=C12)C1=CNC2=CC=CC=C12, CFUYGGPBOBIHRG-UHFFFAOYSA-N
COC1=CC=C(OC2CCN(C(=O)[C@@H](N)CC3=CNC=N3)CC2)C=C1, OJXIQJYPVLRDEZ-KRWDZBQOSA-N
CC(C)(C)C(=O)OC1=COC(CSC2=NC3=CC(C(=O)O)=CC=C3O2)=CC1=O, AVMNJGDJGHSQDP-UHFFFAOYSA-N
N#CC1=CC(F)=CC(C2=NC(C3=CC=CC=N3)=CO2)=C1, PURMTHHDJDASBS-UHFFFAOYSA-N
N#CC1=NC=CC=C1CN1C=CN=C1, SRJGIPQKULJJRH-UHFFFAOYSA-N
O=C(OC1=CC=CC=C1)N1C(=O)NC=C(F)C1=O, OKVXWLFRHOXZPA-UHFFFAOYSA-N
O=C(NCCC1=CC=C(Cl)C=C1Cl)[C@@H]1[C@@H]2C=C[C@H]([C@H]1C(=O)NCCCCN1CCCC1)C21CC1, IPFWHVBSLPSAGT-CBJLPSGESA-N
O=C(CSC1=NC2=CC=CC=C2N=C1C1=CC=CC=C1)N1CCCCCC1, AZKYYOXBOPFROK-UHFFFAOYSA-N
CC1=NC2=C(C)C(C)=NN2C(N2CCC(N3CCOCC3)C2)=C1, MHJNFKIKTUBIBH-UHFFFAOYSA-N
CC1=C[C@H]2CC3=C(C=CC(=O)N3)[C@@]3(C1)[C@@H]2CCCN3C(=O)CCN(C)CCCCCCCCN(C)CCC(=O)N1CCC[C@@H]2[C@H]3C=C(C)C[C@@]12C1=C(NC(=O)C=C1)C3, XCDQISLHKSKFLH-PWCZCSLDSA-N
O=C1NC2=CC=C(C3=NN=C(NCC4=CC=C(C(F)(F)F)C=C4)SC3)C=C2N1, VTSKDSWGAIIDJV-UHFFFAOYSA-N
O=C(/C=C/C1=CC=C(OS(=O)(=O)O)C(OS(=O)(=O)O)=C1)O[C@@H]1C[C@](OS(=O)(=O)O)(C(=O)O)C[C@@H](OS(=O)(=O)O)[C@H]1OS(=O)(=O)O, HXROWJFHWUQPAL-NXLLHMKUSA-N
COC1=C(Cl)C=C(Cl)C(O)=C1C(=O)NCCN1CCN(C2=CC=CC=C2)CC1, KEPCRQPBSHAPNH-UHFFFAOYSA-N
CCOC(=O)C1=C(/N=C/N(C)C)SC2=C1CCC2, AEZXGOOZIUWETC-RIYZIHGNSA-N
C=C(C)[C@@H](CC)CN1CC[C@H](CNC(=O)C2=CC=C3C=C(Cl)C=CC3=C2)N[C@H](CCN2CCCCC2)C1=O, QOKWAMNOBLWSAD-TWRBBEJXSA-N
NC1CN(C2=CC=NC=C2NC2=NC=C3C=CC(C4=C(F)C=CC=C4F)=NN23)CCC1F, LPHDIQKURFDTPO-UHFFFAOYSA-N
CC1=CC(=O)N(C2=NN(C)C=C2)C1=O, UPWIXROBQHXMSV-UHFFFAOYSA-N
COC1=CC(N2C3=C(C4=NC=NC(N)=C24)CCC3)=CC=C1NC(=O)CN1C=C(C(F)(F)F)N=C1C, ZDCBSMGNORWPAE-UHFFFAOYSA-N
N#CC1=CN=C(SCC(=O)N2CCCCC2)N=C1N, XXTKRPLVXDVTJR-UHFFFAOYSA-N
C[C@@H](OC(=O)COCC1=CC=CC=C1)[C@H](NC(=O)C1=CC=CC=N1)C(=O)NCCCC(=O)OCC1=CC=CC=C1, VOEAFQUTYKPXBM-DFHRPNOPSA-N
O=C(NC1=CC=CC(C2=NN3N=CC=CC3=C2C2=CC=NC(NC3=CC=CC(C(F)(F)F)=C3)=N2)=C1)C1=C(F)C=CC=C1F, LJFHNQVYXLXWBM-UHFFFAOYSA-N
COC1=CC=C(COC2=CC=C(CN3C=NC4=CC(C5=NOC(C6CCNCC6)=N5)=CC=C34)C=C2OC)C=N1, AYKPYAOQPANRFS-UHFFFAOYSA-N
CCOC1=C2CN(S(=O)(=O)C3=CC=C(C)C=C3)C(C3=CC=CC(Cl)=C3)CC2NC(C2=CC=CC=C2)C1, MDYPEKYXGSHXAG-UHFFFAOYSA-N
CCN1N=C(C(=O)NC2=NCCS2)C2=CC=CC=C2C1=O, IQEPXEFPEIYIJA-UHFFFAOYSA-N
CC(=O)NC1=CC(N2CCC[C@H]2COC2=CC=CC=N2)=NC(N2N=C(C)C=C2C)=N1, MDXHAAVALMQUQH-KRWDZBQOSA-N
CC1=NN(C2=CC=C(NCCNC(=O)C3=CC=C(Br)O3)N=N2)C=C1, IQBOGHOYAOXFPO-UHFFFAOYSA-N
CCOC(=O)C1=C(NCC2=CC=CC=C2)N=C(C2=CC=CC=C2)N2CCN=C12, HKYCNLVYXPSQOZ-UHFFFAOYSA-N
CC(=O)NCCNC(=O)C1=NN(C)C2=C1COC1=CC=CC=C21, IJLCHNCPLHHMNB-UHFFFAOYSA-N
ClC1=CC=C(CN(CC/C=C/C2=CC=CC=C2)N2C=NC=N2)C(Cl)=C1, UOVONACJLHZOCD-XBXARRHUSA-N
COC1=CC2=C(C(C)=C(CC(=O)NCCC3=CC=CC=C3F)C(=O)O2)C=C1OC, WQKUVKYSJGFULB-UHFFFAOYSA-N
O[C@H]1CNC[C@@H]1O, JCZPOYAMKJFOLA-IMJSIDKUSA-N
C=CCN1C(C2=CC=CC=C2)=CC=C(C#N)C1=O, WERKLXJPXQLJPJ-UHFFFAOYSA-N
CC1CCCN1C1=CC=C2N=CC=CC2=C1, HVKYWOIKINNFPD-UHFFFAOYSA-N
CC(C)(C)OC(=O)NCC1=CC=C2C(C3=CC=C(F)C=C3)=CC(C(N)=O)=NC2=C1, SRVYWMPHAPBHFJ-UHFFFAOYSA-N
CCOC(=O)CC1=CC=C(N(CC)CC2=NC3=CC(C(F)(F)F)=CC=C3N=C2C2=CC=CC=C2)C=C1, WWOMIMPYEWXPPS-UHFFFAOYSA-N
O=C(NC1=CC=CC(Cl)=C1)NC(CCC(=O)N1CCN(C2=NSC3=CC=CC=C23)CC1)C(=O)N1CCN(C2=NSC3=CC=CC=C23)CC1, GACRXNRSYVNZIM-UHFFFAOYSA-N
C[N+]1=CC=CC(N(CCCCCC2CCCCC2)C2=CC=C(C#N)C=C2)=C1.[I-], XSRVHCLDEUYBHD-UHFFFAOYSA-M
CC(=O)N1[C@@H]2C3=CC=C(/C=C/C4=CC=CC=C4)C(=O)N3C[C@H]1[C@H](CO)[C@H]2C(=O)N(C)C, SFMBZXLPYFCTAU-RMDVGAJOSA-N
C[C@H](C1=CC=C(C(=O)NCCC(=O)O)C=C1)N1C(=O)C(C2=CC=CC(F)=C2)=N[C@]12CC[C@@H](C(C)(C)C)CC2, MNZZTNNRXMEJSU-DZJGSNNOSA-N
COC(=O)[C@H](NC(=O)C1=CC(C2=CC=CC=C2)=NC2=CC=CC=C12)C1=CC=C(OC)C=C1, QTLPNFZRBVSFGU-XMMPIXPASA-N
CC1=CC=CC(N2C(=O)N(C3=CC=CC=C3C)C3CS(=O)(=O)CC23)=C1, DWUXOADNYZZIEE-UHFFFAOYSA-N
O=C(CCC1CCCN(C(=O)C2=CC3=CC=CC=C3O2)C1)NCC1=CC=C(F)C(F)=C1, OVVCFROULCDNBD-UHFFFAOYSA-N
OCCNC1=CN=CC(C2=CC3=C(C=N2)C=NN3C2=CC=CC(N3CCNCC3)=N2)=N1, OOWGEGYPCQGHJZ-UHFFFAOYSA-N
CC1=CC=C(N2C(SCC(=O)NC3=CC=C(S(=O)(=O)NC(=O)NC4=CC=CC=C4)C=C3)=NC3=CC=CC=C3C2=O)C=C1, SOYRBJOZZUIORF-UHFFFAOYSA-N
CCOC(=O)C1=C(NC(=O)C2=C(N(C)C)N=C(NC3=CC=CC=C3)S2)SC2=C1CCCC2, CXMVMWOAQBDGKE-UHFFFAOYSA-N
N[C@H](C(=O)N[C@H]1CCC(=O)N(CC(=O)O)C1=O)C1CCCN1, HLLKPHMFUJARJP-ZEMFGHSESA-N
CCOC(=O)C1=C(C)N(CC2=CC=CC=C2)C2=CC=C(OCC(O)CN3CCN(CC4=CC=CC=C4)CC3)C=C12, YYUUAXZMRDLMNI-UHFFFAOYSA-N
CC1=CC=C(CS(=O)(=O)/C(=C/C2=CC=C(Cl)C=C2)C(=O)C2=CC=C(Cl)C=C2)C=C1, BSMXFTMXLBAWBV-HYARGMPZSA-N
CC(C)(CN)CNC(=O)[C@H]1[C@H](C(=O)NCC2=CC=C(Br)C=C2)[C@@H]2C=C[C@H]1C21CC1, CKYVVFHKUHKNAC-WJFTUGDTSA-N
CC1=NC2=C(C3=C(S2)C(NCC2=CC=CC=C2)=NN3C)C(C)=C1Cl, RRGGUNBHDQHVMD-UHFFFAOYSA-N
NC(=O)[C@@H]1OC(=O)N2C3=CC=C(C4=CC=C(CN5C=NC=N5)N=C4)C=C3OC[C@@H]12, KKPZLFALOZLDOU-DOTOQJQBSA-N
CC1(C)CC(C)(C)C2=CC(N/C(S)=N/C3=CC=C(S(N)(=O)=O)C=C3)=CC=C2S1, HNXZQKZCCDWHKO-UHFFFAOYSA-N
CC1=NC2=CC=CC=C2C(C2=CC=CC(Cl)=C2)=C1C(OC(C)(C)C)C(=O)O, GOOKOBTYBFHEOR-UHFFFAOYSA-N
CC1=C(C)[C@@]2(C[C@@H](C)[C@H]3[C@H](C[C@@]4(C)C5=CC=C(C(C)(C)/C=C/C(=O)O)C(C)=C5C(=O)C[C@]34C)O2)OC1=O, FRJXMHKQNDNFBV-BZSXFTBESA-N
CCCN1C=CC(NC(=O)C2=CC=C3N=C(C(O)(C4=CC=CC=C4)C4=CC=CC=C4)N(CC)C3=C2)=N1, XATHNMIETPXGFE-UHFFFAOYSA-N
O=C(NCC(C1=CC=CN=C1)N1CCN(C2=CC=C(F)C=C2)CC1)C1CCCCC1, XTFONEFLPIUPRW-UHFFFAOYSA-N
COC1=CC(/C=N/NC(=O)C2=CC=C(C(F)(F)F)N=C2NC2=CC=C(Cl)C=C2)=CC(OC)=C1OC, MKNBYEROSHNHBQ-KVSWJAHQSA-N
O=C(O)C1CCCN(CCN/N=C/C2=CC=CC=C2C2=CC=CC=C2C2=CC=CC=C2)C1, OHSXMGUTKUWAOC-VUTHCHCSSA-N
FC1=CC=CC2=C1C1=C(F)C=CC=C1[I+]2.O=S(=O)([O-])C(F)(F)F, HBGLDUCFHGGDAB-UHFFFAOYSA-M
C=CCCCCCCCCC1=NN=C(NC2=CC=CC=C2)S1, CMLUQWKVHHCXOP-UHFFFAOYSA-N
COC1=CC=C(C2=CC=C3C(=C2)O/C(=C\C2=CSC=C2)C3=O)C=N1, NNKGFSWETFSILT-IUXPMGMMSA-N
NC[C@H]1CC[C@H](CNC(=O)C2=C3C(=NC=C2)N=C(C2CC4CCC2C4)N3)CC1, GBOWSHXBCIUEIK-NDHUZOIRSA-N
CC1=CC(CN2CCCC[C@@H]2CO)=CC=C1C(=O)CN1C=CC(OCC2=CC=C(Br)C=N2)=CC1=O, RGDNWCIHGZTXBD-HSZRJFAPSA-N
COC1=CC=C2C(=O)C(C(=O)OCCCCCCN(C)C)=C(C3=CC=CC(OC4=CC=CC=C4)=C3)NC2=C1, CWTIJSIEKPIMMM-UHFFFAOYSA-N
C=CCN1C(=O)NC2(CCCCC2)C1=O, ZNZNICRHPGQPCX-UHFFFAOYSA-N
CO/N=C(\CC1=CC(Br)=C(OC)C(Br)=C1)C(=O)NCCNCCNC(=O)/C(CC1=CC(Br)=C(OC)C(Br)=C1)=N/OC, FTAGWUVDJCQRGR-TWOPAUOSSA-N
C[C@@H]1O[C@H](OCC2=CC=C3C(=C2O)C(=O)C2=CC=CC=C2C3=O)C[C@@H](N(C)C)[C@@H]1O, DTJUKPBRMFXSOX-ZBZXEDRXSA-N
COC1=CC=C(CN2CCCC(N3C=C(C(=O)NC4CCCC4)N=N3)C2)C(O)=C1, JZBDYCMBOWBSIO-UHFFFAOYSA-N
CCOP(=O)(OCC)C(=O)OC1=CC=C(Cl)C=C1, UPNZNUZWFKDCQK-UHFFFAOYSA-N
N#CC1(NC(=O)C2=NC=CC3=CC=CC=C23)CCC1, TZOFMWSBWHEPLQ-UHFFFAOYSA-N
COC1=CC=C(C2=NN=C3SC(C(C)N4C(=O)C5=CC=CC=C5C4=O)=NN23)C=C1, ABAGTJARVQFMJH-UHFFFAOYSA-N
COCC1=C(C2=CC(F)=CC(F)=C2)N(C)N=C1CN[C@H]1CC[C@@H](F)C1, KAFILMATCGJLAJ-DOMZBBRYSA-N
CC1=CC=CC(C(=O)N2CCN(C3=CC=C(C(F)(F)F)C=N3)CC2)=C1C, XGVQHNUPYYISQD-UHFFFAOYSA-N
CC1=NC(N2CCC3(CCCN(CCO)C3=O)C2)=C2SC=CC2=N1, JOXPQBJMQDIKTQ-UHFFFAOYSA-N
O=C(O)CCCCCCCCCCCCCCCNC(=O)NC1=CC=C(F)C=C1, LNDNDPVHCBVFLU-UHFFFAOYSA-N
NC1=NNC2=CC=CC(C3=CC=C(NC(=O)C4CCCCC4)C=C3)=C12, ICAGRINJJFYTOB-UHFFFAOYSA-N
CNCC(=O)NC1=CC=C(OC(F)(F)F)C=C1.Cl, KICMPUHGBLNMCN-UHFFFAOYSA-N
N=C(N)NCCCC(NC(=O)C(C1=CC=CC=C1)C1=CC=C(Cl)C=C1)C(=O)N1CCCC2=CC=CC=C2C1, QGHLEPZBTTVHGJ-UHFFFAOYSA-N
COC1=CC=CC=C1CN=C(S)NC1=CC=C(S(N)(=O)=O)C=C1, QRKNYINSBXBIGH-UHFFFAOYSA-N
CC(C)(C)CC(=O)N1CCC(N2N=CC3=C(OC4=CC=C(S(C)(=O)=O)C=C4)N=CN=C23)CC1, JOWKQUOOCIUAMD-UHFFFAOYSA-N
O=C(O)CC/C=C\C/C=C\C[C@@H](O)/C=C/C=C/C=C\[C@@H](O)C/C=C\CCO, RXZULUQRGUAOLG-OCDBVANQSA-N
CN(CC1=CC=C2C=NNC2=C1)C(=O)CCC1=CC=CC(C2=NC3=C(N)N=CN=C3N2)=C1, NXXVJKXSPBXVLO-UHFFFAOYSA-N
CC1(C)CC(CCN(CC2=CC=CC=C2)C(=O)C2=CC=CO2)(C2=CC=CC=C2)CCO1, MVQYAJKJFLZDIV-UHFFFAOYSA-N
COC1=CC=CC=C1NC(=O)CN1C(=O)C2(OCCCO2)C2=CC=CC=C12, KFKWUTRXPAZYNN-UHFFFAOYSA-N
CCCCCCOC1=C(OC)C=C(C(=O)OC2=CC=CC=C2CC[N+](C)(C)C)C=C1OC.[I-], DDQLILOXSNJTQV-UHFFFAOYSA-M
CC[C@]1(C(=O)O)CC[C@H](C(=O)N2CC[C@](C3=CC=C(C(F)(C(F)(F)F)C(F)(F)F)C=C3)(S(=O)(=O)C3=CC=C(F)C=C3)C2)CC1, NMDBMKMFARAOPP-ATANMQQVSA-N
O=C1NC2=CC=CC=C2N1CCCCN1CCN(C2=CC=CC=C2)CC1, RBFHCAHIEQNMRT-UHFFFAOYSA-N
CCCC[N+](C)(C)CC1=CC2=C3C(=CC=C2)C=CC=C3C1=O.[Cl-], RGIOVRFPHGJDBR-UHFFFAOYSA-M
C=C1C(=O)OC[C@H]1C(C1=CC(OC)=C(O)C(OC)=C1)C1=CC(OC)=C2C(=C1)OCO2, UGKOGWUDRSXQOZ-MJTSIZKDSA-N
CCOC(=O)[C@H](CC1=CC=C2C=CC=CC2=C1)NC(=O)[C@@H](CC1=CNC2=CC=CC=C12)NC(=O)C(C)(C)N, ZQYHBNRTJLLJDT-FTJBHMTQSA-N
N#CC1=CC=C2NC=C(CCCCN3CCN(C4=CC=CC5=NC6=C(C(N)=C45)CCC6)CC3)C2=C1, CCBFOQGVIFFPHI-UHFFFAOYSA-N
CN(C)CCCCOC(=O)NC1=CC=C(CN2N=C(C3=CC=CC=C3C(F)(F)F)C3=CC=CC=C3C2=O)C=C1, NUEGVXRTDJLNEE-UHFFFAOYSA-N
COC1=CC=C(C(=O)N/C(=C\C2=CC=CC3=CC=CC=C23)C(=O)NCCC2=CNC3=CC=CC=C23)C=C1OC, LONYNNVHDVPQNH-VEILYXNESA-N
COC1=CC(NC2=NC=C(C3=CC=CC=C3N(C)C(=O)CN3CCOCC3)O2)=CC=C1C1=COC=N1, SCUGGJJXJHUTKH-UHFFFAOYSA-N
CC(C)C(NS(=O)(=O)C1=CC=C2C(=C1)OC(=O)N2C)C(=O)NCCC1=CC=CC=C1, BHGQPVMWEFIEAF-UHFFFAOYSA-N
CC1=CC=C(C2=NC(CN(CC3=C(C)N(C)N=C3C)C(C)C)=C(C)O2)O1, LOJSURQQIVTLNL-UHFFFAOYSA-N
O=C(C1CCCCC1)N1CCN2C(=O)N([C@H]3C[C@@H]3C3=CC=CC=C3)C(=O)C2C1, IRMLAZVFEBKCLD-YTYFACEESA-N
O=C1C2=CC=C([N+](=O)[O-])C=C2N=CN1CC1=CC=CC=C1C(F)(F)F, DGXWEWDXKSUMLN-UHFFFAOYSA-N
N=C(N)N[C@@H]1CC2=CC=CC=C2[C@H]1NC(=O)C(=O)NC1=CC=C(Cl)C(F)=C1.O=CO, WUILLEJRRYSPRZ-CTHHTMFSSA-N
CC(C)(COP(=O)(O)OP(=O)(O)OC[C@H]1O[C@@H](N2C=NC3=C(N)N=CN=C23)[C@H](O)[C@@H]1OP(=O)(O)O)C(O)C(=O)NCCC(=O)NCCS, RGJOEKWQDUBAIZ-DRCCLKDXSA-N
COCCN1C(=O)C2(N=C1N)C1=CC(CCC(C)C)=CC=C1C[C@]21CC[C@@H](OC)CC1, KHEVEQJKEGRYGK-QXONTCKQSA-N
CC(C)(C)C1=CC=C(C2=CN(C(CN3CCSCC3)C3=CC=C4SC5=CC=CC=C5C4=C3)N=N2)C=C1, FDGHNDMFQXREFC-UHFFFAOYSA-N
OC1=C(/C=C2\C=NC3=CC=CC=C23)SC(NC2=CC=CC=C2)=N1, XAKFGUJDOOSGLA-ZRDIBKRKSA-N
CC1=C(C2=CC=C(O)C(O)=C2)C(=O)OC2=CC=C(Cl)C=C12, NBPXVOSSMHRDJZ-UHFFFAOYSA-N
CC1=CC=C(/C=N/NC(=O)CN2N=C(/N=C/C3=CC=C(C)C=C3)C3=CC=C(C(F)(F)F)N=C23)C=C1, SUYXKWWKUKREST-HZUVFDMRSA-N
CC1=NN(C2=CC=C(NC3=CC(C4=NN(C)C=C4C)=CC=N3)C=C2)C(C)=N1, VRFLASTXVGXXTO-UHFFFAOYSA-N
Cl.OC(CNC1CCCCCC1)C1=CC=C(Cl)C(Cl)=C1, CVFPVTDPQORHEL-UHFFFAOYSA-N
CCCNC(=O)COC(=O)C1=CC(C)=NC2=CC=CC=C12, XDOKHHIHQWUBSF-UHFFFAOYSA-N
CCC1(CC)CC1C(=O)NCC(=O)N1CCN(CC2=CC(Cl)=CC=C2N)CC1, AZNFEKMBPZVEHH-UHFFFAOYSA-N
CC(C)C1=CC=C(C(=O)N2CCCC(C3=CC(C(=O)NC4=CC=C5C(=C4)OCO5)=NO3)C2)C=C1, FEOYUCWLDPEHMW-UHFFFAOYSA-N
CCOC(=O)CN1N=C(C)N(/N=C/C2=CC=NC=C2)C1=O, CHTQGTQAWFRXST-OVCLIPMQSA-N
C=C[C@]1(C)C[C@@H](OC(=O)CSC2=CC=CC=C2NC(=O)CN2CCN(C3=CC=CC=C3)CC2)[C@]2(C)[C@H](C)CC[C@]3(CCC(=O)[C@@H]23)[C@@H](C)[C@@H]1O, PISGEVPDOXRNAQ-SLJXHRAUSA-N
CCCC1=NNC(C2CN(CCCS(C)(=O)=O)CCO2)=N1, GQFHYZBKRJHYAC-UHFFFAOYSA-N
Cl.O=C(NC1=CC=C(CCNC[C@H](O)COC2=CC=CC=C2)C=C1)C1=CC=CC=C1, IAVNJUYGRPZKCF-FTBISJDPSA-N
CCN(CC(=O)NCC1=CC=C(F)C=C1)C(=O)C(C)OC1=CC=CC(Cl)=C1, KMELZRUXHYVFBM-UHFFFAOYSA-N
CS(=O)(=O)N1C[C@@H]2CCCC[C@H](NC(=O)C3=CC=CC=C3)C(=O)N2[C@H](C(=O)N[C@H]2CC(=O)OC2O)C1, HBVXRUIPTGRFDT-PLCAQUOPSA-N
CC(=O)OC[C@@H]1CN(CC2=CC=CC=C2)C[C@H](N2C=NC3=C(N4CCCC4)N=CN=C23)O1, YIIMDPFPUHZTTA-VQTJNVASSA-N
CC1=CC=CC=C1C1=CN2C(=C1)C(NC1=CC=NC=C1)=NC=N2, IMQLMEGDRFUMLA-UHFFFAOYSA-N
CC1=NC(N)=NC=C1CNC(=O)CN1C(C)=CC=C(NS(=O)(=O)CC2=CC=CC=C2)C1=O, ZZCGYYMWYHEEBE-UHFFFAOYSA-N
CNC1=CC=C(CNCC2=CC=CC(C3=CC=C(C4=NC5=CC=CC=C5N4)S3)=C2)C=C1, BUDXDTRWVOLBAH-UHFFFAOYSA-N
CN(C)C1=CC=C(/C=C(\NC(=O)C2=CC=CC=C2)C(=O)NC2=CC=CC(C(=O)NCCCO)=C2)C=C1, MGGVELXUGLBXKY-BWAHOGKJSA-N
CC1CC(OCC(O)CN2CCN(CC3=CC=CC=C3)CC2)CC(C)(C)C1.Cl, WOWNOIWGVRNZFD-UHFFFAOYSA-N
C1=CC=C(N2C=C3C=NC4=CC=CC=C4C3=N2)C=C1, GUVLEBBZKMQLIY-UHFFFAOYSA-N
CC1=CC(NC(=O)CN2C=C(C3=CC=C(Cl)C=C3)N=N2)=NO1, QAOHORSYOWQUDA-UHFFFAOYSA-N
O=C(CON1N=NC2=CC=C(C(F)(F)F)C=C12)NC1=C(Cl)C=CC=C1Cl, CCUVHKGWZHIHRZ-UHFFFAOYSA-N
C/C=C/C(=O)OCC(=O)NC1=NC2=CC=C(C)C=C2S1, DPDWNGMHHFIEDB-ONEGZZNKSA-N
O=S(=O)(C1=CC=CN=C1Cl)N(CC1=CC=C(F)C(C(F)(F)F)=C1)C1=C(Br)C2=CC=CC=C2S1, WJILKEGNHFTPCY-UHFFFAOYSA-N
O=C(NC1=NNC2=NC(C3=CC=CO3)=C(Br)C=C12)C1CCN(CC2=CC=CC=C2)C1, HDONVKMMRZKRCC-UHFFFAOYSA-N
C[N+]1(CC2CC2)CC[C@]23C4=C5C=CC(O)=C4O[C@H]2C(=O)CC[C@@]3(O)[C@H]1C5, JVLBPIPGETUEET-GAAHOAFPSA-O
CCC(=O)OC(OP(=O)(OC(OC(=O)CC)C(C)C)C(CCC/C=C(\C)CC/C=C(\C)CCC=C(C)C)S(=O)(=O)O)C(C)C, VBCRJDNMBJIINH-WUXNSVGLSA-N
NC1=NC(O)=C(N=O)C(NCCCOC2=CC=C([N+](=O)[O-])C=C2)=N1, BNCPMPMXSHXOQK-UHFFFAOYSA-N
CCN(C[C@H]1N[C@@](C)(C(=O)OC)[C@H]2C(=O)N(C)C(=O)[C@@H]12)C(=O)NC1=CC=C(F)C=C1, WZBRZPMFTHHQQX-IGMJJTELSA-N
O=C(NCCC1CN(CC2=CNC=N2)CCO1)C1=CC=CC=C1O, CXVQTAXBJPZJHU-UHFFFAOYSA-N
CC1=CC=C(S(=O)(=O)N2N=C(C(F)(F)F)CC2C2=CC=C3C(=C2)OCO3)C=C1, BQQUXECVVCRHDK-UHFFFAOYSA-N
O=C(O)C1=CC=C(NC(=O)C2=CC=C(C(=O)O)C=C2)C=C1, WPQIUQXWDUZDBI-UHFFFAOYSA-N
O=C(C1=CC=C(C2=CC=C(O)C([N+](=O)[O-])=C2)C=C1)C(Cl)Cl, PXIIPKRDSWOMFX-UHFFFAOYSA-N
O=C(CSC1=NN=C(CCC2=CC=CC=C2)N1C1=CC=C(Cl)C=C1)C1=CC=CC=C1, NBOHLSNSJWULOZ-UHFFFAOYSA-N
COC1=CC2=C(C3=C1C(=O)C1=CC(C)=CC=C1O3)[C@@H](OC(=O)C13CCC(C)(C(=O)O1)C3(C)C)[C@@H](OC(=O)C13CCC(C)(C(=O)O1)C3(C)C)C(C)(C)O2, HKTXFVWXZLHUBT-GNVNBFNNSA-N
CC1=CC(OCC(C)(C)C(=O)O)=NC=C1C1=CC=C(C2=NC(C(F)(F)F)=CN2)N=C1, DLZIJJOVXGIHAK-UHFFFAOYSA-N
COC1=CC2=NC=NC(NC3=CC=C(CC4=CC=CC=N4)C=C3)=C2C=C1NC(=O)/C=C/CN1CCCC1, GFPQRHXCPZSHRH-SOFGYWHQSA-N
CC1=CC(OCC2=NCCO2)=CC=C1Cl, BSFRBDSIZRGQJQ-UHFFFAOYSA-N
COC1=CC(OC2=CC=C(S(=O)(=O)N3CCSC(C)(C)[C@@H]3C(=O)NO)C=C2)=CC(OC)=C1OC, DCDJWNFOPNVBIM-FQEVSTJZSA-N
CC(=O)N1CCC(C2=CC=NC(NC3=CN=CC=N3)=N2)C1, SFBCUCSYEFFAGV-UHFFFAOYSA-N
COC(=O)C1[C@@H](C2=CC=C(C3=CC=CC=C3)C=C2)CC2CC[C@H]1N2C, HGNMYGRBKGXPFK-JWFWCLOMSA-N
CC1=CC=CC(F)=C1OC1=CC=CC(F)=C1OC1CCNCC1, YIGLINOPTZCHQC-UHFFFAOYSA-N
CCCOP(=O)(CC1=CC=C(C2=NC3=CC=CC=C3S2)C=C1)OCCC, MFKGYAQUHJGNCA-UHFFFAOYSA-N
O=C1C2=CC(O)=CC=C2C=CN1CC1=CC=CC=C1, BHFHRFOGMATRRK-UHFFFAOYSA-N
O=C(NC1=NC=C(CC2=CC=CC=C2)S1)C1CCCC1, ANWOEKIATLTCTA-UHFFFAOYSA-N
CC1=CC=C(S(=O)(=O)N2CCC(C(=O)N[C@H](C(=O)NCC3CCCO3)C(C)C)CC2)C=C1, LAWZRWFMAAIMKC-QWAKEFERSA-N
CSC1=CN=C(OCCOC2=NC=NC(NS(=O)(=O)C3=CC=C(C(C)(C)C)C=C3)=C2C2=CC=NC=C2)N=C1, GACZLMXVTORVRP-UHFFFAOYSA-N
O=C(CSC1=NC=CC=C1C(=O)O)C1=CC=CC=C1, MJHMABNIGSEYKN-UHFFFAOYSA-N
CN(C)CCCOC(=O)CCCN1C2=CC=CC=C2C2=NC3=CC=CC=C3N=C12, MSUMZPSOTCJIBZ-UHFFFAOYSA-N
COC1=CC=C(C2=COC3=CC(OCCN4CCCC4)=CC=C3C2=O)C=C1, VOVZEDVHSSTHNO-UHFFFAOYSA-N
O=C(O)C1=CNC2=CC(F)=C(C3=CC=C(C4(O)COC4)C=C3)C(F)=C12, NGVUCJQUYYULDY-UHFFFAOYSA-N
CCOC(=O)[C@@]1(CC2=CC=C(OCC3=CC(C)=NC4=CC=CC=C34)C(F)=C2)C[C@@H]1C(=O)NO, QORKFWILWPYIJT-CLOONOSVSA-N
COC1=CC=C2NC=C(C(=O)NC/C=C/CN3CCN(C4=CC=CC=C4OC)CC3)C2=C1.O=C(O)C(=O)O, ZBPWZFHOPPASBX-IPZCTEOASA-N
CC1=NC(CN2CC(S(=O)(=O)NC3CCCC3)C2)=NO1, XVZRRPTWUCAMMV-UHFFFAOYSA-N
CC1SC(C)(C)C(=O)N1CCCCN1CCN(C2=CN(C3=CC=CC=C3)C3=CC(F)=CC=C23)CC1, JESULJQFGFJISO-UHFFFAOYSA-N
CN(C/C=C/C1=CC=C(F)C=C1)CC1=COC2=CC=CC=C12, QBSNBQQWRUSRPH-SNAWJCMRSA-N
CC(C)[C@@H](C(=O)N1CC2=CC=CC=C2C[C@H]1C(=O)NCCCC[C@H](NC(=O)[C@@H]1CC2=CC=CC=C2CN1C(=O)[C@H](C(C)C)N(C)C)C(N)=O)N(C)C, ZLLXFXKKMDXGIZ-ZZTWKDBPSA-N
CC(C)CN(CC1=CC(Cl)=C2C(=C1)OCCCC2)C(=O)C(C)CNCC1=CC=CC2=C1NC=C2, HPGLTLKBQDAPOP-UHFFFAOYSA-N
O=C1N=C(N2CCOCC2)OC2=CC=C(C3=CC=CC4=CC=CC=C34)C=C12, CCACMEAVVKCUJV-UHFFFAOYSA-N
CCCN(CCC)C(=O)C(OC1=CC(/C=C2\SC(=S)N(CC(=O)O)C2=O)=CC=C1OCCC1=CC=CC=C1)C1=CC=CC=C1, LSWSVRPZMWEOIY-IADYIPOJSA-N
FC(F)(F)C1=CC(OC2=CC=CC=N2)=CC=C1C1=CC=CC2=NC=CN12, MVFGTOOHPKYDMF-UHFFFAOYSA-N
COC1=CC=C2C(=C1OC)N=C(NC1=C(C)C=CC=C1Cl)C1=CN=C(CCCO)N21, ZMKPRFLOBXQPQX-UHFFFAOYSA-N
O=NNC1=CC=C(SSC2=CC=C(NN=O)C=C2)C=C1, UIHVCCIRURNIAB-UHFFFAOYSA-N
COCC1CC2CCC(C1)N2C1=NC(N2CCC(C(N)=O)C2)=NC2=C1C(C1=CC=CC=C1OC)=CS2, ZWKAPACSPOCNQE-UHFFFAOYSA-N
COC1=CC(CN2CCCC(CCC(=O)NCC3=CC=C(C)O3)C2)=CC2=C1OCO2, URGBWOONWGBUDF-UHFFFAOYSA-N
CC1=CSC2=NC(C3=CC=CC=N3)=NC(NC3=CC=C4N=CSC4=C3)=C12.Cl, DOMAMGPONYVFBD-UHFFFAOYSA-N
COC1=C(O[C@@H]2O[C@H](CF)[C@@H](O)[C@H](O)[C@H]2O)C=C2C(=C1OC)C1=CC=C(SC)C(=O)C=C1[C@@H](CNC(C)=O)CC2, CFNYSLVJMDSAMV-BBUCOZJOSA-N
BrC1=CC=CC=C1N1C=C(CN2CCN(C3=NC4=CC=CC=C4C4=CC=CC=C34)CC2)N=N1, ZTWFTDPXHKZXGN-UHFFFAOYSA-N
O=C(CCNS(=O)(=O)C1=CC=CC=C1)NNC(=O)C1=CSC(N2CCOCC2)=N1, MQQYVVHTILNTJB-UHFFFAOYSA-N
CC1(C(=O)NC2=CC=CC(OC(F)(F)F)=C2)CC2=C(C3=CC=C(C(N)=O)C=C3)C=CN=C2O1, XVRWCSRQQDADOD-UHFFFAOYSA-N
CCC1=NC(C2CCCN2C(=O)CCN2C=NC=N2)=NO1, NKFKYIYEPVAHIL-UHFFFAOYSA-N
N#CC1=CC=CC=C1N1CCCN(C(=O)CCC2=CSC=C2)CC1, LOICDZVVRHOLQF-UHFFFAOYSA-N
CN(C)S(=O)(=O)C1=CC=C(C(=O)NCCSC2=CC=CC=C2)C=C1, PUODBHNSIZAAAP-UHFFFAOYSA-N
O=C1SC(=CC2=C3C(=NC4=CC=CC=C24)C=CC=C3)C(=O)N1CC1=CC=C(Br)C=C1, CLVMUFNPZQJGKR-UHFFFAOYSA-N
CC(OC1=CC=C(NC(=O)C2=CC=C(N3C[C@H](C)N[C@H](C)C3)C=C2)N=C1)C1=C(Cl)C=NC=C1Cl, SDMMTJGBQDTLSJ-SJPCQFCGSA-N
COC1=CC=C([C@H](CN(C)C)C2(O)CCCCC2)C=C1, PNVNVHUZROJLTJ-INIZCTEOSA-N
COC1=CC=C(S(=O)(=O)NCCSC2=NN=NN2C2=CC=CC=C2)C=C1OC, UDEIJCCUYJHGMJ-UHFFFAOYSA-N
OC[C@@H]1OC(N2C(S)=NC3=C(O)N=CN=C23)[C@@H](O)[C@H]1O, NSOSGFJJXFKRDG-DSKATIKOSA-N
COC(=O)NCC1=CC=C(C(=O)NC2=CC(C3=CC=CS3)=CC=C2N)C=C1, XPYFYVJCMDDGKF-UHFFFAOYSA-N
N#C/C(=C\C1=CC=CS1)C(=O)C1=CC=CC=C1, GBBWQFWDULNWTL-FMIVXFBMSA-N
COC1=CC=CC(CNC(=O)C2=CC(CNCC3=CC=CC=C3)=CC=C2C2=CC=CC(CNCC3=CC=C(C4=CC=CC=C4)C=C3)=C2)=C1.O=C(O)C(F)(F)F, REKCCTKBSOCNFL-UHFFFAOYSA-N
C[N+](C)(C)C[C@H]1C[C@H]1COC(=O)NC1=CC=C(Cl)C=C1.[I-], OUQVWKTYBJMMEI-LYCTWNKOSA-N
CC1=NOC(C)=C1C1=CN=C(N)C(SC2=CC=C(C(=O)NC3=CC=C(Cl)C=C3)C=C2)=N1, WDGBMRPLOQQTOB-UHFFFAOYSA-N
COCCN(C(=O)C1=CC=C(C2=CC=C([N+](=O)[O-])C=C2)O1)C1=C(N)N(CC(C)C)C(=O)NC1=O, KPEIMIADJYJKLL-UHFFFAOYSA-N
COC1=CC=C(C2=CSC(NC(=O)C3CC(=O)N(CC4=CC=CO4)C3)=N2)C=C1, ODINSXGBBWONEF-UHFFFAOYSA-N
CC1CC(C)(C)N2C(=O)/C(=C3\SC(=O)NC3=O)C3=C2C1=CC=C3, FMYGVUPLTUXIEH-QBFSEMIESA-N
CCOC1=CC=CC(C(=O)NC2=C(C)C=C(Br)C=C2C)=C1, UJYWZXXFPKUKST-UHFFFAOYSA-N
COC(=O)[C@](F)([C@@H]1CCC2=C(NC3=CC=C(Cl)C=C23)C1)S(=O)(=O)C1=CC=CC(Cl)=C1, KPQLWJWAGXJIST-GTJPDFRWSA-N
CCC1=CC(C2=CC=C3C(=C2)CCC3=O)=CC=C1OC, OUYKCUYBKAHHDX-UHFFFAOYSA-N
COC1=CC(C(CC=C(C)C)SC(=O)C2=CC=C(C(F)(F)F)C=C2)=C(OC)C2=C1/C(=N/O)C=C/C2=N\O, MDXDJHMIICHKBK-GFTXTJKWSA-N
CC(C)[C@H](NC(=O)[C@H](CC1=CC=CC=C1)C[C@H](O)[C@H](CC1=CC=CC=C1)NC(=O)OC(C)(C)C)C(=O)NCC(O)CO, AVKFJGHNZWYFBR-GQTPQPSSSA-N
COC(=O)C(CC1=CC=CC=C1)NC(=O)[C@]12CC[C@@H](C)[C@H](C)[C@H]1C1=CC[C@@H]3[C@@]4(C)CC5=CN=CN=C5C(C)(C)[C@@H]4CC[C@@]3(C)[C@]1(C)CC2, ROINLXVKCNAWIS-HTHPJJGESA-N
CC1=C(C)N(CC(C)C)C2=NC=NC(NC3=NC=CS3)=C12, VOVCTAUPQUZCCT-UHFFFAOYSA-N
CC(C)[C@H](NC(=O)[C@@H](N)CC1=CC=CC=C1)C(=O)O, IEHDJWSAXBGJIP-RYUDHWBXSA-N
NC(=O)C1=CC=CC=C1OCCCNCCC1=CN(S(=O)(=O)C2=CC=CC=C2)C2=CC=CC=C12, STHXBYBOTUFDBJ-UHFFFAOYSA-N
CCN1C(=O)OC2(CCN(CCCC(=O)OC)CC2)C1=O, CSJFIKIDEFCFSE-UHFFFAOYSA-N
O=C(CC1=CC=C(Cl)C=C1)NC1=NC2=CC=CC=C2O1, WTYHHLUYXYYOKH-UHFFFAOYSA-N
CCOC1=CC=CC=C1C(=O)NCC(=O)OCC(=O)NCCC1=CC=C(S(N)(=O)=O)C=C1, DZVXRWNHDDUKKP-UHFFFAOYSA-N
CN(CCCN1C(=O)[C@@H]2CC3=CC=CC=C3CN2C1=O)C1=CC=CC=C1, YUSCAAHQWLTSSG-IBGZPJMESA-N
C[C@]12C=C[C@@]3(CC[C@@H]4[C@@](C)(COC(=O)C(=O)O)CCC[C@@]4(C)[C@@H]3CC1)C2, CMARQECGDGAALM-SYPWZQQWSA-N
COC1=CC=C(C2=NN=C(S)N2C2=CC=C(C)C=C2)C=C1, XSCGKIDMJUFUJZ-UHFFFAOYSA-N
NC[C@H]1C[C@@H](C2=NC(C3=CC=CC(OCC4=CC=CC=C4)=C3)=C3C(N)=NC=CN23)C1, ZKDZHSAMEVMGFN-IZAXUBKRSA-N
COCCOC1=CC=C(C2=NC3=CC=C(OC(F)(F)F)C=C3N2)N=C1, QUHZPVGXUMNKLN-UHFFFAOYSA-N
CCOC1=CC=C2NN=C(C3=CC(N4CCN(S(C)(=O)=O)CC4)=NC=N3)C2=C1, BZKKQQPSWQGCMH-UHFFFAOYSA-N
O=C1NCCCCC1NS(=O)(=O)C1=CC=CC=C1, FQEKYKDBYAXLIL-UHFFFAOYSA-N
NS(=O)(=O)C1=CC=C(CNC2=NC=C(C3=CC=NC=C3)C(C3CC3)=N2)C=C1, GDFYISKVYDVGFG-UHFFFAOYSA-N
COC1=CC=C(C2=CC(C3=CC=CN3C)=C(C#N)C(=O)N2C=O)C=C1OC, CSBDJXWCRHWQMP-UHFFFAOYSA-N
CCC1(N2CCC(C3=CC(C4=CC=C(F)C=C4Cl)=C4C(=C3)N(C3=C(Cl)C=CC=C3Cl)C(=O)NC4)CC2)CC1, RUWJYZIJCACDAR-UHFFFAOYSA-N
COC1=CC=C([C@@H]2C=CCCN2S(=O)(=O)C2=CC=C(C)C=C2)C=C1, GITDMVCYTPOEOY-IBGZPJMESA-N
O=C(COC1=CC=C(Br)C=C1)NC1=CC=C(CN2CCOCC2)C=C1, YHUDTIVTAMYXRA-UHFFFAOYSA-N
CNC1=CC(NS(C)(=O)=O)=CC=C1NC1=C2C(=NC3=CC=CC=C13)C=CC(C)=C2, CFAJCUCOHAWNJJ-UHFFFAOYSA-N
CCCCCCCCC(C(=O)O)C1CCCCC1, JFETVROTFMZCOR-UHFFFAOYSA-N
C1=COC(C2=NC(CN3CCOC(CN4C=CC=N4)C3)=CS2)=C1, VJMVNQZATKXTJV-UHFFFAOYSA-N
COC1=CC=CC=C1C1=CC=C(C(=O)O)O1, CHWVDGYLKPLBES-UHFFFAOYSA-N
CCN1CC[C@H]2C3=CC(OC(=O)NC)=CC=C3CC12, HYIYBWCTLLQRLQ-NBFOIZRFSA-N
CCCCCCCCCCCNC(=O)OC1=CC(O)=C2C(=O)C(C3=CC=C(OC)C=C3)=COC2=C1, XREHYRWLXAQXTL-UHFFFAOYSA-N
N#CC1=C(N)C2=C(C3=CC=CC=C3)C(C3=CC=CC=C3)=NNC2[Se]1, AADJNJPMKRFPHI-UHFFFAOYSA-N
CC1=C/C(=N/CC/N=C2/C=C(C)C3=CC=C(O)C(/N=N/C4=NCCS4)=C3O2)OC2=C(/N=N/C3=NCCS3)C(O)=CC=C12, XLNVUHRIUOLYPA-KWSAYTQBSA-N
CCOC(=O)C1(CC2=CC=C(OC)C=C2)CCN(C(=O)C2=CC=CC3=NC=CN=C23)CC1, HLQRUSCKAUPCMH-UHFFFAOYSA-N
CCOC(=O)C(C)N1N=C(C2=CC=C(Br)C=C2)C=CC1=O, KQHIHMAVKVHVAP-UHFFFAOYSA-N
CSC1=NN(C2=C(Cl)C=C(C(F)(F)F)C=C2Cl)C(N)=C1Br, DNCFKDLZZSXXJP-UHFFFAOYSA-N
CCN(CC)C1=CC=C2C=C(C(=O)NC3(C(=O)N(C)N(C)C#N)CCCCC3)C(=O)OC2=C1, DAQZLXYFNHPPBP-UHFFFAOYSA-N
C=CCSC1=NN=C(NC(=S)NC2=CC=C(I)C=C2)S1, BYHFCNJOCRSEFD-UHFFFAOYSA-N
CCCSC1=NC(N[C@@H]2C[C@H]2C2=CC=C(F)C(F)=C2)=C2N=NN([C@@H]3C[C@H](OC(=O)C(C)(C)C)[C@@H](O)[C@H]3O)C2=N1, LEPCKTURENVSIR-HMLJSJRSSA-N
COC1=CC=C([C@@H]2CC3=CC(C(F)(F)F)=CC=C3N(CCN(C)C)C(=O)[C@@H]2OC(C)=O)C=C1, NBWSZUBDTQVNLG-RBBKRZOGSA-N
CC1=CC=C(S(=O)(=O)C2=CC3=CC=CC=C3O/C2=N\C2=CC=C3C(=C2)OCO3)C=C1, GINWZNNPOTUXQY-VHXPQNKSSA-N
CN(C)C(=O)C1=C(C2=CC=CC=C2)N=NS1, GCBZZUUQWDUVQZ-UHFFFAOYSA-N
CCCCC1=NN(C2=CC(NC(=O)CC)=CC=C2Cl)C(=O)N1CC1=CC=C(C2=CC=CC=C2S(=O)(=O)NC(=O)C2=CC=CC=C2Cl)C=C1F, CFMUZUVRPWGTOR-UHFFFAOYSA-N
CN1C=C(C(=O)O)C(=O)C2=CC=C(N3CCN(C4=NC=CS4)CC3)N=C12, CESDIODVYNIIPQ-UHFFFAOYSA-N
CC1=NC2=NC(SCC(=O)N(C)C3CCCCC3)=NN2C(C)=C1, YPNLWBMYQOVDOU-UHFFFAOYSA-N
C[C@@H](CN1CCOCC1)C(C(=O)N1CCCC1)(C1=CC=CC=C1)C1=CC=CC=C1, INUNXTSAACVKJS-NRFANRHFSA-N
CC(C)OP(=O)(OC(C)C)C(O)C1=CC=CC([N+](=O)[O-])=C1, KMBWACMXGIVAMT-UHFFFAOYSA-N
CN1N=C([C@H]2C[C@H]3CSC(N)=N[C@@]3(C3=CC=C(F)C=C3F)CO2)C=C1F, YSSIVDQDOKWLPW-YCELRVBUSA-N
CN1/C(=N/NC(=O)C2=CC=CC(F)=C2)SC2=CC(OC(F)(F)F)=CC=C12, LLKUTDWMTVLVHZ-JCMHNJIXSA-N
CN(C)[C@@H]1C(O)=C(C(N)=O)C(=O)[C@]2(O)C(O)=C3C(=O)C4=C(O)C=CC=C4[C@@](C)(O)[C@H]3[C@H](O)[C@@H]12, IWVCMVBTMGNXQD-RKLSJVJESA-N
COC1=CC=C(C2=CC(OCCCN3CCCCC3)=C3C(C4=CC=CS4)=C(N)OC3=C2)C=C1OC, ZRNWTEIKIUWPFT-UHFFFAOYSA-N
CCOC(=O)C(=O)NC1=CC(C)=C(OC2=CC=C3NC=C(C(C)C)C3=C2)C(Cl)=C1, WSTUKPKFASCSPC-UHFFFAOYSA-N
O=C(CCN1C=CC=N1)N1CCSCC1, DRNVBQWMNNPEEW-UHFFFAOYSA-N
O=C1C=C(NC2=CC=C(Cl)C=C2)CC(C2=CC=CO2)C1, DIEZPUQWGLSRSX-UHFFFAOYSA-N
CC(C)(C)CC(C)(C)NC(=S)NO, WWSJJRURCYJJTP-UHFFFAOYSA-N
CCCCC1=NC(Cl)=C(CO)N1CC1=CC=C(NC(=O)CN2C=CC=C2C(=O)OC)C=C1, GONUYIXKBIPRQU-UHFFFAOYSA-N
CC1=CC(C(F)(F)F)=NN1C1=CC=C(OC2=CC=C(S(=O)(=O)NC3=NC=CS3)C=C2C#N)C(C(C)C)=C1, OICHSSVFKOAHEK-UHFFFAOYSA-N
O=C(NC1CC2=CC=CC=C2C1)OC1=CC=CC(C2=CC=CC=C2)=C1, UEEYQEMKIXZIGW-UHFFFAOYSA-N
CC1=CC=C(N2C(C)=CC(C(=O)CSC3=NN=CS3)=C2C)C=C1, LCGMLPPGXVKXSO-UHFFFAOYSA-N
CCCCCCCC(=O)O[C@@H]1[C@@H](OC(=O)C2=CC=CC(C)=C2)C(C)=C2[C@@H]3OC(=O)[C@@](C)(O)[C@@]3(O)[C@@H](OC(=O)CCC)C[C@](C)(OC(C)=O)[C@@H]12, BESJMQDNPAGIEM-UFHCJVJASA-N
O=C(O)/C(O)=C/C(=O)C1=CC2=CC=CC=C2N1CC1=CC=CC=C1, LAVDAHBRWQWCEE-WQRHYEAKSA-N
O=C(NCC(=O)N1CC(O)CC1C(=O)N1CC(O)CC1C(=O)OCC1=CC=CC=C1)OCC1=CC=CC=C1, VTSGYJHHFSZLHK-UHFFFAOYSA-N
CC1=CC(C)=NC(SCC(=O)NC2=CC=CC(COC3=CC=C(NS(=O)(=O)C4=CC=CC=C4)C=C3)=C2)=N1, FDQZRSAVZSDOIH-UHFFFAOYSA-N
CC(C1=NC2=C(C=NN2C2CCOCC2)C(=O)N1)N1CC(OC2=CC=CC(Cl)=C2Cl)C1.O=C(O)C(F)(F)F, HKTFTSJMKJDHIE-UHFFFAOYSA-N
COC1=CC=CC(C2=CC(C(=O)NC3=CC4=CC=C(OC5CCNCC5)C(C)=C4OC3=O)=CC=C2OC)=C1, OXYZHFWSNIKIBZ-UHFFFAOYSA-N
CCN(CC)CC1=COC(C2=CC=C(C)C=C2)=N1, QJVMAVUCABDIBY-UHFFFAOYSA-N
O=C(O)C1=CC=C(S(=O)(=O)N2CCOCC2)O1, KUFFIEBVYHIWTO-UHFFFAOYSA-N
CC1(C)NC(=O)N(CCC2=CC=CC=C2)C1O, HMBAGIWVHSMZGN-UHFFFAOYSA-N
CC(=O)C1=C(C)NC(=O)C(C(=O)N2CC[C@H]3CC[C@@H](C2)N3C)=C1, GBECRGFASNNNDE-OLZOCXBDSA-N
CN(C)CCOC1=CN=CC(N2CCCCC2)=C1, UJICCOKPNCAOLV-UHFFFAOYSA-N
CC(C)(C)COCC1=CC=C2C(=C1)CCN1C2=CC(OC[C@@H]2COCCO2)=NC1=O, DFIYXVFBAYHFHF-SFHVURJKSA-N
CC1=CC=CC(C2=CN(C)C=C2)=C1, PCXIPRGEKJXOBL-UHFFFAOYSA-N
C#CCOC(=O)[C@]12CCC(C)(C)C[C@H]1C1=CC[C@@H]3[C@@]4(C)CC[C@H](O)[C@@](C)(CO)[C@@H]4CC[C@@]3(C)[C@]1(C)CC2, YKLSTZWRVBALCY-ZTCCBMIJSA-N
CN(C)CCCN1C2=CC=CC=C2CCC2=CC=C(CCCOCC3=CC=CC4=CC=CC=C34)C=C12, YWUIURMXEQXMRN-UHFFFAOYSA-N
CC[C@H](C)NC1=CC(C(=O)N[C@@H](CC2=CC=CC=C2)[C@H](O)[C@@H]2CCCN2)=CC(S(C)(=O)=O)=N1.Cl, GBLRRACOKGGFKV-AXLPPOLRSA-N
C=CC(=C)CCC1(C)C(C)CC(=O)C23C(=C[C@H](OC(=O)CCC)CC12)[C@@H](OC(C)=O)O[C@H]3OC(C)=O, FNBYOSZOQAZRAW-KWCFWXNCSA-N
O=C(O)CCC[C@H](O)[C@@H](/C=C\C1=CC=CC=C1OCCCCOC1=CC=CC=C1)SC1=CC=C(C(=O)O)C=C1, MKIVOQUHWWFPIM-TUFYWOIXSA-N
C[C@H]1CN([C@@H](C)CO)C(=O)C2=CC=CC(NC(=O)C3=NC4=CC=CC=C4S3)=C2O[C@H]1CN(C)C(=O)NC1=CC=C(C(F)(F)F)C=C1, FYNBMTFTUIYCJV-MHPIHPPYSA-N
O=C(O)/C=C/C1=CC=C(OC(=O)CCC2=CC=CC=C2)C(OCC2=CC=C(Cl)C=C2)=C1, RLNMCUAMQQOYEG-NTEUORMPSA-N
CC1=CC(O)=CC(C)=C1C[C@H](N)C(=O)N[C@H](CCCNC(=N)N)C(=O)N[C@H]1CC2=CC=CC=C2CN(CCC(=O)N(C)CC2=CC=CC=C2)C1=O, JREBGRHWCUPUKA-DSPMFFIESA-N
OC1=CC=CC(NN2C=CC=C2)=C1, RHDPXJYWOWFLJU-UHFFFAOYSA-N
CCN1C=C(NC(=O)NC2=CC=C3C(=C2)OCCO3)C=N1, TWMPICDWJCTBGT-UHFFFAOYSA-N
CCN1N=CN2C(C3=CC=C(F)C(C4=CC=C(F)C=C4C#N)=C3)=CN=C2C1=O, GWERFVJRQFKXQG-UHFFFAOYSA-N
CC(C)C1=CC=NC(C2=CC3=NC=C(C4=CC=CC(NC(=O)NCC(F)(F)F)=C4)N3C=C2)=N1, MFIBVCBNDYGJFP-UHFFFAOYSA-N
CC1=CC=C(OCC(=O)N(CC2=NC(C3=CC=CC=N3)=NO2)C(C)C)C=C1, CGXCANAUWNATLY-UHFFFAOYSA-N
O=C(N[C@H](CC1=CSC2=CC=CC=C12)C(=O)N1CCC(N2CCCCC2)CC1)N1CCC2(CC1)N=C(C1CCCCC1)NC2=O, GIQVCZVUJSCCTL-GDLZYMKVSA-N
O=[N+]([O-])C1=CN(C2=CC=C(Br)C=C2)C=N1, NISINGSLNFLSEX-UHFFFAOYSA-N
CC(=O)NC1=CC=C2NC(=O)N(C3CCN(C(=O)C4=CC=CC=C4)CC3)C(=O)C2=C1, MAMFAJFGPWCOHR-UHFFFAOYSA-N
N[C@@H](CCC(=O)O)C(=O)NCCCCCC(=O)N[C@@H](CO)C(=O)NCCCOCCCCOCCCNC(=O)[C@H](CO)NC(=O)CCCCCNC(=O)[C@@H](N)CCC(=O)O, LBOPEIJMGRKULM-KRCBVYEFSA-N
CCOC(=O)ON1C(=O)C2=CC=CC=C2C1=O, VXEAWVMTERBHFX-UHFFFAOYSA-N
CN(C)C1=CC=CC2=C(S(=O)(=O)NCC(=O)NCC[S+]([O-])CCl)C=CC=C12, GDEQKKBMPCAWEP-UHFFFAOYSA-N
O=C1NCC2(CCNCC2)C2=C1C=C(C1=CC=NC(C3=CC(Cl)=CC(Cl)=C3)=N1)N2, YOQPANSJZKFLMM-UHFFFAOYSA-N
CC1=CC=CC(C)=C1OC1=NN(NC2=CC=C(C#N)C=C2)C(=O)C=C1, QHSWZQPEERODAN-UHFFFAOYSA-N
CC1=CC(OC2=NC=C(Cl)C=C2C(F)F)=CC=C1C1=C(C)C(=O)NC(=O)N1C, IBARSPXFLSEGBX-UHFFFAOYSA-N
COC1=CC2=C(C(OC)=C1OC)C1=CC=C(SC)C(=O)C=C1[C@@H](NC(=O)CNC(=O)C(F)(F)F)CC2, WEPLQYDVWAVBRX-HNNXBMFYSA-N
CC(C)COC1=CC=CC=C1C(=O)NC(CO)C(=O)O, ANAOXQPNAIEGRU-UHFFFAOYSA-N
CC1=CC(C(F)(F)F)=CC=C1NC1=NC(SC2CCOC2C)=NC2=C1CCN(C1=NC=CC=C1C(F)(F)F)CC2, LPZBJYHDKFTGCC-UHFFFAOYSA-N
CC(C)C[C@H](NC(=O)[C@H](C)NC(=O)[C@H](CCCNC(=N)N)NC(=O)OCC1=CC=CC=C1)[C@@H](O)CC(=O)NCCC1=CC=C(Cl)C=C1.O=C(O)C(F)(F)F, MPLUPMPIJSWCIQ-UGBDYNFMSA-N
CCCC1=NC(NCCCN2C=CN=C2)=C2C(=N1)C(C)=NN2CC, VELVUGAANFPXJJ-UHFFFAOYSA-N
O=C(NC1=CC(CN2C(=O)NC(=O)C3=CC=CC=C23)=CN=C1F)[C@H]1CCN(CC2=CC=NC=C2)C1, CHRQYHKDXOIBPC-SFHVURJKSA-N
NS(=O)(=O)C1=CC=C(CNC(=O)C(F)(F)F)C=C1, PSURAFILOCZAMG-UHFFFAOYSA-N
CN(C)CCC1(C2=CC=CC=C2)OC=CC1=O.Cl, ZYWYZKGAGFBZIZ-UHFFFAOYSA-N
CC1=CC(C(=O)N2CCN3C=CC=C3C2C)=NO1, ILSXMVZPMPPOEJ-UHFFFAOYSA-N
CC1=CC=C(C2=NN=C(N3N=C(C)C=C3C)C3=CC=CC=C23)C=C1, VCJFLOUIZAJBAA-UHFFFAOYSA-N
CN(CC1(C)COC1)C(=O)C1=CC(C2=NN(C)C=C2)=NC2=CC=CC=C12, FEIDHNGSKVXYBH-UHFFFAOYSA-N
C[N+](C)(C)C/C=C1/COCO1, SDUNKEQQLQDTTQ-YWEYNIOJSA-N
CC(C)CC1=CC=C(C(C)CO)C=C1, IZXWIWYERZDWOA-UHFFFAOYSA-N
O=C(O)C1=CC=C(CC2=C(C(=O)O)N(CC3=CC4=C(C=C3Cl)OCO4)C3=CC=CC=C3C2=O)C=C1, VCKUAASJHBESRB-UHFFFAOYSA-N
CC[S+]([O-])C1=NC2=CC=CC(C(=O)OC)=C2N1CC1=CC=C(C2=CC=CC=C2C2=NNN=N2)C=C1, SDMZOGLOLYWQGF-UHFFFAOYSA-N
CCOC1=CC=C(N2C([C@@H](C)N(CC3=CC=CN=C3)C(=O)CC3=CC=C(F)C(C(F)(F)F)=C3)=NC3=CC=CC=C3C2=O)C=C1, WMCUXVITTPCZQN-OAQYLSRUSA-N
CCN(CC)C(=O)CN1C=C(S(=O)(=O)CC(=O)NC2=CC=CC=C2C)C2=CC=CC=C12, GHYGHECQPGYGCH-UHFFFAOYSA-N
CN1CCN(NC2=CC=C(S(=O)(=O)NC(=O)C3=CC=C(N4CCN(CC5=C(C6=CC=C(Cl)C=C6)CC(C)(C)CC5)CC4)C=C3OC3=CC=CC4=C3C=CN4)C=C2[N+](=O)[O-])CC1, FSUQKSUQIWZYJW-UHFFFAOYSA-N
CC(C)CCN1C(=O)C(C2=NS(=O)(=O)C3=CC(NS(=O)(=O)NC(=O)OCC(=O)O)=CC=C3N2)=C(O)C2=CC=CN=C12, CMAWYPQHHCFAJC-UHFFFAOYSA-N
CN1CCN(CN2C(=O)/C(=N\NC(=O)COC3=CC=C(N4C(=O)C(Cl)C4C4=CC=CC=C4)C4=CC=CN=C34)C3=CC=CC=C23)CC1, YLFJWBVMZKWUSC-NXKIGICWSA-N
CC(C)(C)N1N=CC2=C(NCC3=CC=CC([N+](=O)[O-])=C3)N=CN=C12, KMFGBQQKCSALKS-UHFFFAOYSA-N
O=S(=O)(NC1=C2C(=CC=C1C1CCCC1)N=CC=C2)C1=CC=C(Br)C=C1, KLJLHGBIIGYVMV-UHFFFAOYSA-N
CCCNC(=O)[C@H]1CC2=C(SC3=CC=CC=C23)CN1, GWYSKADJFXQKRX-GFCCVEGCSA-N
FC1=CC=C(N2CCN(C3CCC4CCCCC4C3)CC2)C=C1, YNYWZJHDGUKXRP-UHFFFAOYSA-N
ClC1=CC=C(CN2CCN(CC3=CC=C(C4=CC=NC=C4)C=C3)CC2)C=C1, IDJVQGABBCXBQJ-UHFFFAOYSA-N
CC1=NC2=CN=C3NC=CC3=C2N1[C@@H]1CCC[C@@H](O)C1, HTMCBXLLCSRXLQ-GHMZBOCLSA-N
COC1=CC2=C(C(=O)N(NC(=O)C3=CC=CC(F)=C3)C(C3CCC3)=N2)C=C1OC, QJRMHUGQHIMVQS-UHFFFAOYSA-N
CC1=CC=CC(C(=O)N2C[C@@H]3CCN(C4=CC=CN=C4)C[C@@H]3C2)=C1, ZPTKNFQNGXAKOY-ZWKOTPCHSA-N
CC1=CC=C(C2=NN(C3=NC(=O)CS3)C(C3=CC=CC=C3C)C2)C=C1C, USKWMNFMQYXZEE-UHFFFAOYSA-N
O=C1N[C@@](C2=CC=C(OCCCC(F)(F)F)C=C2F)(C(F)(F)F)CC(C2=NN(CC3CCC3)C=C2)=C1C(=O)NS(=O)(=O)C1CC1, XPXAXOSDACKJES-SANMLTNESA-N
COC1=CC=C(C2=NOC(C(C)NC3=NC=CC(N4C(=O)OC[C@@H]4C(C)C)=N3)=N2)C=C1, XKMULHOCWAMMBP-FQNRMIAFSA-N
CCN(CCCCCN(C(C)=O)C(=O)/C=C/C1=CC=C([N+](=O)[O-])C=C1)CC1=CC=CC=C1, FNNJASPFRMWKET-SAPNQHFASA-N
O=C(OCC1=CC2=CC=CC=C2N=C1O)C1CCCCC1, KGTBRJGLKSVMHE-UHFFFAOYSA-N
O=C1C2=C(NC(=S)NC2C2=CC=CC(CO)=C2)C2=CC=CC=C12, AVZYAMPJJDVPDJ-UHFFFAOYSA-N
OC(CNC[C@H]1CC[C@H](C2=C3N(N=N2)C=NC2=C3C=CN2)CC1)C(F)(F)F, HRCVWKBCORXYFS-URYOQJBYSA-N
CCOC(=O)CCCOC1=CC(C(N)=O)=CC2=CC=CC=C12, WEQABXWZNYHDKJ-UHFFFAOYSA-N
C[C@@H]1[C@H]2C3=CC[C@@H]4[C@@]5(C)CC[C@H](O)C(C)(C)[C@@H]5CC[C@@]4(C)[C@]3(C(=O)O)CC[C@@]2(C(=O)O)CC[C@H]1C, OJUYFGQEMPENCE-DPKHZRJYSA-N
O[C@H]1CN(CC2=CC=C3C(=C2)OCCO3)CC[C@@]12CCCO2, SXVBXGBNSHBDSE-IRXDYDNUSA-N
CC1=CN([C@H]2C=C[C@@H](COP3(=O)OCC4=CC(C=O)=CC(C(C)(C)C)=C4O3)O2)C(=O)NC1=O, LSFBCBMXEQIMMD-LWOKBORYSA-N
O=C(O)C1=CC=C(NC2=NC=C3NC(=O)N(C4=CC=CC=C4)C3=N2)C=C1, HPAJZDBVRCACEQ-UHFFFAOYSA-N
O=C(/C=C/C1=CC=CC=C1Cl)NC1=CC=C(O)C=C1, VXAOVZOZTWLVDB-BJMVGYQFSA-N
CC(C)(C)C1(O)CCN(CC2C3=CC=CC=C3CCC3=CC(Cl)=CC=C23)CC1.Cl, YDGKDSADZLCGDB-UHFFFAOYSA-N
O=S(=O)(C1=CC=C(Cl)C=C1)N1[C@H](C2CC2)CCC[C@@H]1C1(CC2=NC(CN3CC[C@@H](O)C3)=NO2)CC1, SFICTTTWDKGKCQ-BAGYTPMASA-N
CC1(C2=CC=CC=C2)CN([C@H]2CC[C@H](N3C(=O)NC4=CC=CC=C34)CC2)C(=O)O1, OVRBESMHEIRVHO-NCHKGXLSSA-N
CC1=C(CC#N)N2C(=N1)C(OCC1=CC=C(F)C=C1)=CC=C2, LKHZFAIMPYYKTE-UHFFFAOYSA-N
O=C(NC1=CC=CC(F)=C1)[C@H](CSCC1=CC=CC=C1)N1CC2=CC=CC=C2C1=O, CBSITSBNYVZQPA-QFIPXVFZSA-N
COCCCCC1(O)C2=NCCCN2C2=CC=CC=C12, OZAWTZZRKOWGKL-UHFFFAOYSA-N
CCOC1=CC=C(/C=C2\SC(=O)N(CCN(C)C)C2=O)C=C1, PUJLWVRCHNDSJW-KAMYIIQDSA-N
CCC(C1=CC=C(O)C=C1)C(CC(=O)OC)C1=CC=C(O)C=C1, DGIPVFGDVQXNMS-UHFFFAOYSA-N
CCCCC1=NC2=C(C(=O)N(C(C(=O)N(C)C)C3=CC=CC=C3)C=C2)N1CC1=CC=C(C2=CC=CC=C2C2=NNN=N2)C=C1, VNBLTQXCUPGATI-UHFFFAOYSA-N
C[C@@H]1CN([C@H](C)CO)C(=O)C2=CC=CC(NC(=O)NC3=CC=C(C(F)(F)F)C=C3)=C2O[C@@H]1CN(C)S(=O)(=O)C1=CC=C(Cl)C=C1, SUXOZCRIFFHZCQ-LJKQEARRSA-N
C[C@]12CC[C@H]3[C@@H](CC[C@H]4NC(=O)CC[C@]34C)[C@@H]1CC[C@@H](N1C=NC3=C(NN)N=C(Cl)N=C13)O2, UBHIMYZBBAMECQ-JVSIBSRASA-N
CCOC(=O)C1=NOC2=C1C(=O)N(CC(=O)NC1=CC=CC=C1OC)C=N2, JWNMGKQDLNIYHE-UHFFFAOYSA-N
O=C(C1=NC=CS1)N1CCN(C2CN(C(=O)C3=C(Cl)C4=CC=C(C(F)(F)F)C=C4S3)C2)CC1, MAQXTRHEMFUBDA-UHFFFAOYSA-N
C=CCN1CC[C@@]2(C3=CC=CC(O)=C3)CCC[C@@H]1[C@H]2O, GPKFTSBUGGLSHC-BRWVUGGUSA-N
N[C@@H](CCC(=O)NC1=CC=C(OCC2=CC=CC=C2)C=C1)C(=O)O, BYSBXIPCDJNEBG-INIZCTEOSA-N
ClC1=CC=CC(CN2C3=CC=CC=C3C3=CC(CNCCCCCCNCC4=CC5=C(N(CC6=CC=CC(Cl)=C6)C6=CC=CC=C56)C=N4)=NC=C23)=C1, ZRSZKEIYSAGNBN-UHFFFAOYSA-N
CCCCCNCC[C@@H]1CCC[C@@H]1CCCCCCC(=O)O, GVQZPPYXSNWJHN-ROUUACIJSA-N
CCCOC(=O)C1=CC=C(NC(=O)C2=C(C)ON=C2C2=CC=CC=C2)C=C1, XXCUGSZWHARNTF-UHFFFAOYSA-N
CC1=CC=CC=C1C1=NC2=CC(N)=CC=C2O1, UETQYGACINQVKI-UHFFFAOYSA-N
COC1=NSC(N2CCC3(CCN(C[C@H](O)C4=CC=C5C(=C4C)COC5=O)CC3)C2=O)=N1, VXJMKKDFKLQCQL-KRWDZBQOSA-N
CC1=CC(=O)N(C2=CC(Cl)=CC(Cl)=C2)C1=O, ULHSXWIYINWWCK-UHFFFAOYSA-N
CCN1CCCC1CNC(=O)C1=C(OC(C)C)C=CC=C1OC(C)C, PNYHUCVZDPPOTQ-UHFFFAOYSA-N
CC1=CC=CC=C1C(OC1=CC(OCC2=CC=CC=N2)=CC=C1C#N)C(=O)O, BRQHOFBHPKKIHA-UHFFFAOYSA-N
FC1=CC=C(C2CC(C3=CC=CC=C3)N3N=CN=C3N2)C=C1, AIVYERHOQDMJPY-UHFFFAOYSA-N
N[C@H](CC1=CC=C(Cl)C=C1Cl)C(=O)N1CC2=CC=CC=C2C1, JFWNERIMAUEHNN-MRXNPFEDSA-N
COC(=O)C(C)(C)CN1C(=O)N/C(=N\C2=CC=C3C(=C2)C=CN3CC(C)C)N(CC2=CC=C(Cl)C=C2)C1=O, YVYTXXAKCRMLAS-UHFFFAOYSA-N
COC(=O)[C@H]1CN(CCC(=O)N2CCCCC2)CC[C@H]1CCC(=O)C1=CC=NC2=CC=C(OC)C=C12, XAGBKVQEHQHFIF-YKSBVNFPSA-N
CCCC1=CC(=O)OC2=C3C(=C4C(=C12)OC(C)C=C4)OCC(C)C3=O, RCTWKMMYYMPUFN-UHFFFAOYSA-N
O=C(OC1CS[S+]([O-])C1)C1=CC=CC(Br)=C1, CJBSJFLJYYGYKO-UHFFFAOYSA-N
CC(C)(C)OC(=O)C1=C(N)SC2=C1CCCCC2, DIOINDUDAISFQH-UHFFFAOYSA-N
CC(C)NC(=O)C1=CC=CC=C1NC(=O)CC1=CC=C(Br)C=C1, FUEDAQQFJXCSMM-UHFFFAOYSA-N
CC1=C(C2=CC=C(OCCCN3CCCC3)C=C2)OC2=CC=CC=C2S1, DREYZGCIOLBBDK-UHFFFAOYSA-N
CC(=O)NC1=NN=C(CSCC2=CC=CC=C2F)S1, FNHSXSFGOZAWBM-UHFFFAOYSA-N
CC1=NN=C(SCC(=O)NC2=C(C(N)=O)C=CS2)N1CC1=CC=CC=C1, DKDDVQGTCDYMBJ-UHFFFAOYSA-N
COC(=O)C1C(=O)NCC1C1=CC=C(OC)C=C1, DEQYSMOBGAWMAL-UHFFFAOYSA-N
CN1N=C(C(=O)OCC(=O)NCC2=CC=C(Cl)C=C2)C2=CC=CC=C2C1=O, FTZUJTIVZAUIDZ-UHFFFAOYSA-N
CC(C)C1=CC=C(N2C(=O)C3=CC=CC=C3C2=O)C=C1, CIOQUUUMMYPGKD-UHFFFAOYSA-N
CCCCCCC/C=C\CCCCCCCC(=O)OC(COC(C)C)COP(C)(=O)F, KAMDIPZCMWRTLU-QXMHVHEDSA-N
CC(C)OC(=O)[C@H](C)NP(=O)(OC[C@H]1O[C@@H](N2C=CC(=O)NC2=O)[C@](F)(Br)[C@@H]1O)OC1=CC=CC=C1, ZTJBRLHJSDGEDC-WYXQGNMASA-N
CC(C)N1N=CC=C1NC(=O)NC1=CC=CC=C1, IUPDIFIBOIPXEL-UHFFFAOYSA-N
O=C1NCC2=CC(C#CC3=CC=C(F)C=C3)=CC=C12, BDKCBNKKZXWGBC-UHFFFAOYSA-N
COC(=O)[C@@H](C)CC(=O)C[C@@H](C)C1=CC[C@@]2(C)[C@@H]3CC[C@H]4C(C)(C)[C@@H](O)CC[C@]4(C)C3=CC[C@]12C, QIMIUNGNQNMMLJ-UYDCODMTSA-N
CC1=CC=C(CN2C(C(C)NC3=NC(C4=CC=C(F)C=C4)=CS3)=NC3=CC(C(=O)NCCCO)=CC=C23)C=C1, STUATAGTAUNARV-UHFFFAOYSA-N
O=C(NC1=CC=CN(CC(=O)N2CCOCC2)C1=O)C1=CC=CC=C1, OMSHDEAJFKOTEV-UHFFFAOYSA-N
CC1=NOC(C)=C1C(=O)N(C)CC1=NC(C2=CC=CC=N2)=NO1, HOBIGNJHUKZOQX-UHFFFAOYSA-N
O=C(NC1=NN=C(N2CCC(N3CCCCC3)CC2)S1)NC1CCCC1, UEPMBFDUHOWDCI-UHFFFAOYSA-N
CSC1=C(C2=CSC(NC3=CC=CC(C)=C3C)=N2)C=C(C(=N)N)S1, UKYXZPJSWMKPCU-UHFFFAOYSA-N
CC1=CC=C2N=C(NC3=NC=C4C(=N3)CC(C)(C)CC4=O)N=C(C)C2=C1, IIBLTCQPIQYFIA-UHFFFAOYSA-N
CC1(C)CC(NC(=S)NC2=CC=CC=C2)C2=CC(F)=CC=C2O1, CBUCIBLCFPXWRB-UHFFFAOYSA-N
COCCOC1=CC2=NC=C(C3=CC=C4C=CC=C(O[C@H]5CCNC[C@@H]5F)C4=N3)N2C=C1, PPPOUAQYRUUFNJ-RXVVDRJESA-N
CCOC(=O)C1=CC=CC=C1NC(=O)CSC1=NN=C(CC2=CC=CN2C)N1C1=CC=C(F)C=C1, MCALIAMJFSHRDW-UHFFFAOYSA-N
O=P1(OC2=CC=CC=C2)NNP2(=NP(Cl)(Cl)=NP(Cl)(Cl)=N2)NN1, QPHHZIMEKMJFMS-UHFFFAOYSA-N
COC1=CC=C(/C=C/C(=O)NCCC2=CC=C(OC)C(OC)=C2)C=C1, QGOKHJLXPOTHNJ-YRNVUSSQSA-N
CC(C)C1=CC=CC(C(C)C)=C1NC(=O)NCC1(C2=CC=C(N(CCO)CCO)C=C2)CCCC1, YGFPCFVUUSLJRZ-UHFFFAOYSA-N
COC1=CC=C2C3=C1O[C@H]1[C@]4(OC)CC[C@@]5(C[C@@H]4CNC(=O)/C=C/C4=CC=CC=C4)[C@@H](C2)N(C)CC[C@]315, ZHTZIUSLOIZPHL-KNTDEHBRSA-N
CC(=O)NC1=CC=C(S(=O)(=O)N(C)CC(=O)OC(C)C(=O)NC2CCCC2)C=C1, NMSIJMKFXSWEOR-UHFFFAOYSA-N
CC1=NN(C2CCS(=O)(=O)C2)C(C)=C1CN(C)C(=O)C1=CC=CC=C1, ZZNGBIBRJZOOQT-UHFFFAOYSA-N
O=C(O)C1=CC=CC=C1O/N=C/C1=CC=CC(C(F)(F)F)=C1, JYEYMCMIADJBBB-DJKKODMXSA-N
ClC1=CC=CC(C2ON=C(C3=CC=CC=C3Cl)O2)=C1, HIOWDZZIBUXEHQ-UHFFFAOYSA-N
CC1(C)NC(N)=NC(=N)N1OCCCOC1=CC=CC(Cl)=C1, ZOQHBTXVQKGTDU-UHFFFAOYSA-N
CCSC1=NN=NC2=C1SC1=NC(N3CCOCC3)=C3C(=C21)CCCC3, VGXAUABGTLEXCN-UHFFFAOYSA-N
C1=CC=C(CN(C2=CC=C3NC=CC3=C2)C2CCCNC2)C=C1, ISYQRUPHFNFRMZ-UHFFFAOYSA-N
O=C(O)COC1=CC=CC2=C1CC[C@H](CN1C=C(C(C3=CC=CC=C3)C3=CC=CC=C3)C=CC1=O)C2, NYEUCFWPMRQBAH-QFIPXVFZSA-N
COC1=CC=C(OC[C@@]2(C3=CC=CC=C3)C[C@H]2C(=O)NC2=NOC(C)=C2)C=C1OC, CZQJZCHADYYLAF-FDDCHVKYSA-N
CC(=C(C1=CC=CC=C1)C1=CC=CC=C1)C1=CC=C([S+](C)(=N)[O-])C=C1, BSZYGMJIKVVIQH-UHFFFAOYSA-N
N#CC1=CC=CC(C2C3=C(CCC3=O)NC3=C2S(=O)(=O)CC3)=N1, SEBALDIRDDKSDU-UHFFFAOYSA-N
CC(=O)N1CCN(C2=NC(=O)/C(=C\C3=CC=CC=C3O)S2)CC1, KGIUTIANTQIKIP-GXDHUFHOSA-N
O=C1C2=CC=CC=C2N=C(C2=CC=C(OS(=O)(=O)O)C=C2)N1CCCCN1C=C(CN2C(C3=CC=CC(OS(=O)(=O)O)=C3)=NC3=CC=CC=C3C2=O)N=N1, UPTUKJDQDVLZKI-UHFFFAOYSA-N
CN(C)C1=CC=C2N=C(N)N=C(N)C2=C1Cl, YUTIWGCQKKKLLJ-UHFFFAOYSA-N
CC(C)C[C@H](NC(=O)OCC1=CC=CC=C1)C(=O)N[C@@H](CCC(=O)O)C(=O)N[C@H](C(=O)NN(CC(=O)O)C(=O)/C=C/C(=O)OCC1=CC=CC=C1)[C@@H](C)O, BSBPRYCGNNRLJB-LUEVFRQOSA-N
NC1=CC=C(C2=CN=C(N)C(C3=CC=C(Cl)C=C3)=C2)C=N1, KHPCIHZXOGHCLY-UHFFFAOYSA-N
CNC1=CC(/C=C/C2=C(C)NC3=CC=CC=C23)=[N+](C)C2=CC=CC=C12, SMXTVTKALJLBPD-UHFFFAOYSA-O
O=C(N[C@@H](C(=O)N1CCC[C@H]1C(=O)NC1=NC(C2=CC=CC=C2)=CS1)C1=CC=CC=C1)C1CCCCC1, VDHGNLSURRPLAT-LOSJGSFVSA-N
CC1=C(OCC(=O)N(C)C2=CC=CC([N+](=O)[O-])=C2)ON=C1C(F)(F)F, XNIBFPUVFRGWGS-UHFFFAOYSA-N
CC1=C(C(=O)CNC2=NC=CS2)[N+]([O-])=C2C=CC=CC2=[N+]1[O-], ATOOTTCWUJAOSU-UHFFFAOYSA-N
CCSCC1=C(C)NC(=O)C(I)=C1SC1=CC(C)=CC(C)=C1, KCXGPDFLJSOKIZ-UHFFFAOYSA-N
OCCC1CN(CC2=CC3=C(C=C2Cl)OCO3)CCN1C1CCCC1, OFXXBNQORFRNFR-UHFFFAOYSA-N
C1=CC=C2C(=C1)C1=C(N2CCCN2CCCCC2)CN(CCCC2=CC=NC=C2)CC1, BVHSBJDVWQILPE-UHFFFAOYSA-N
CCC(=O)N(CC1=CC(C(F)(F)F)=CC(C(F)(F)F)=C1)CC1=CN=CC=C1C1=CC=CC=C1, FYSGPFWNLRRMDV-UHFFFAOYSA-N
COC1=CC=C2C(=C1)C1=CC(OC)=C(OC)C=C1C1=CC3=[N+](C=C21)CCC3.[Cl-], AGOWKCMZPBOODJ-UHFFFAOYSA-M
CC1=CN2N=C([C@@H]3CCCCN3C(=O)C3=CC(Cl)=CC=C3NS(C)(=O)=O)C=C2N=C1N1CC[C@H](C#N)C1, FHPWCQUOKSJMMO-VGSWGCGISA-N
NC1=NC(N)=C2C(C3=CC=CC=C3)=C(C3=CC=C(Br)C=C3)NC2=N1, BIHWLSDQBFEANX-UHFFFAOYSA-N
COCCC1COC2(CCN(C(=O)C3CCCCC3)CC2)C1, BXSVKKGVTBCQAK-UHFFFAOYSA-N
NCCCN1C(=O)C2=C(N=C3C=CC=CN23)N(CC2=CC=CC=C2)C1=O, YWHFBAAAAXXROH-UHFFFAOYSA-N
O=C1CN(C2=CC=CC=C2)C(=O)C1C(=O)NC1=CC=C(Cl)C(Cl)=C1, YRWHBNJWWWTHNR-UHFFFAOYSA-N
CC1=CC(NC2(C(F)(F)F)N=C(C3=CC=CC=C3)NC2=O)=NO1, MVAFKBZHAUFYDN-UHFFFAOYSA-N
CCOC(=O)N1CCN(C(=O)/C=C/C2=C3C(=CC4=CC=CC=C24)C=CC=C3)CC1, IYRJIIMFVYIBHM-VAWYXSNFSA-N
CC(C)NC1=C(C(N)=O)N=NC2=CC(C3=CN(C)N=C3)=CC=C12, HRYFKEPDIFHNOB-UHFFFAOYSA-N
CCOC1=CC=CC=C1CNC(=O)C1=CC=CN1C1=NN=C(N2CCCCC2)S1, CEABOPNBUPCARX-UHFFFAOYSA-N
CC(=O)NC1=CC=C(OCC[N+]2=CC=CC(C(N)=O)=C2)C=C1, RIWLBIRNODUKPF-UHFFFAOYSA-O
CN(C(=O)C1=CC=CC=C1Cl)C1CCCCC1, HFBMDIULZYYHMK-UHFFFAOYSA-N
O=C(NC1=CC=C2C=CC=CC2=C1)O[C@@H]1CC2=C(O)C=C(O)C=C2O[C@@H]1C1=CC(O)=C(O)C(O)=C1, IFGYDSLRAALKHK-ILBGXUMGSA-N
CC(C)C1=CC=C(C2=C(C#N)C(N)=NC(SCC(=O)N3CCCCCC3)=C2C#N)C=C1, JAKMBNUDCZLPEN-UHFFFAOYSA-N
CC(CCC1=CC=CC=C1)NCCC12CC3CC(CC(C3)C1)C2.O=C(O)/C=C\C(=O)O, ILQUXOGWNWWOSH-BTJKTKAUSA-N
CC12CCC(C/C1=N\NC(N)=O)C2(C)C, QCEFOIDJHJPYIB-MDWZMJQESA-N
C[C@H]1O[C@@H](COC(=O)C2=CC=CC=C2)O[C@@H]1N1C=C(F)C(N)=NC1=O, CTICJGZXKHCHST-IUPBHXKESA-N
COC1=CC=C(C2=CC=C3C=CC(OC)=CC3=[O+]2)C=C1, AEBGVVBYFUZUED-UHFFFAOYSA-N
CCN1N=CN=C1CN1CCC(CNC(=O)C2=CC=CC(C)=N2)C1, ZZWJASQZCDWPFG-UHFFFAOYSA-N
CC(=O)OC1=CC(C(C)C)=C(OCCN(C)C)C=C1C, VRYMTAVOXVTQEF-UHFFFAOYSA-N
NC1=NC2=C(C(C3=CC=CC=C3)=C(C3=CC=CC=C3)N2)C(=O)N1, XTJRPOFKSXCKPF-UHFFFAOYSA-N
C[N+]1(CCC(=O)NC2=CC=C3C(=C2)C(=O)C2=CC(NC(=O)CC[N+]4(C)CCCCC4CO)=CC=C32)CCCCC1CO, BKDMICIBSRKEST-UHFFFAOYSA-P
O=C(CCCCN1CCN(CC2CC(=O)C3=C(OC=C3)C2)CC1)C1=CC=C(F)C=C1, MFOZPYTUDQEMMW-UHFFFAOYSA-N
CNC1=NC2=CN(C3=CC=CC(OC)=C3)C(=O)C2=CN1, DWEBYMJLRCWIRS-UHFFFAOYSA-N
CC(CN1C=CC=N1)NCC1=CSC(C2=CC=C3C(=C2)OCO3)=N1, QXXWFWUGWOXHGQ-UHFFFAOYSA-N
COC(=O)O/C(=C1\C(=O)N(C(N)=O)C2=CC(Cl)=C(F)C=C12)C1=CC=CS1, TZZNDQGUMPILBH-SEYXRHQNSA-N
CCOC1=CC(Cl)=C(Cl)C(/C=N/C2=CC=C3NC(=O)NC3=C2)=C1O, UOUNOYWIBROXIZ-FBCYGCLPSA-N
O=C(C1=CC=C(C2=CC3=CC(Br)=CC=C3OC2=O)N=C1)C1=CC=CC=C1O, VQCCNHUJVQLJNN-UHFFFAOYSA-N
CCC1=NC(N)=NC(N)=C1C1=CC=C(Cl)C(/N=N/N(CCOC(C)=O)CC2=CC(OC)=C(OC)C(OC)=C2)=C1, QYMYUAYALRNHHU-ULIFNZDWSA-N
O=C(C1CC1)N1N=C(NC2CCN(CC3=CC=C4C(=C3)OCO4)CC2)C2=CC(Cl)=CC=C12, GWWSLIWDJZAGKA-UHFFFAOYSA-N
C=CC(=O)NC1=CC=CC(NC(=O)NC2=CC=NC(NC3=CC=C(C(=O)N4CCOCC4)C=C3OC)=N2)=C1, FOHMSRQIKUEZRX-UHFFFAOYSA-N
COC(=O)N1CCC2(CC1)CCN(C1=NC=CC=N1)CC2, IKTXFVMZQNCZAK-UHFFFAOYSA-N
CC1=NNC(NCC(=O)C2=CC=C(O)C(O)=C2)=C1, LHXYNDSGEDISEA-UHFFFAOYSA-N
CN1C=CC2=CC(OCC3=CC=CC=C3)=CC=C12, JMFZKYABNMMQHH-UHFFFAOYSA-N
CCOC1=CC(C)=NC(N2CCCC(C(=O)NCC3=CC=CC=C3F)C2)=N1, RBUPRJXZXKZIJL-UHFFFAOYSA-N
OC1=CC=C2C(=C1)CCC1=C2ON=C1C1=CC=C(O)C(O)=C1, CLADDPQXBLSTPP-UHFFFAOYSA-N
COC(=O)C1=C(C)NC(C)=C1C1=CC=C(C)C=C1, YPFVCLDHXMFUMX-UHFFFAOYSA-N
CCCCOC1=CC=C([C@@H]2C3=CC=CC=C3[C@H]3NCCC[C@@H]23)C=C1, FKVJZEWHJURNAD-BHDDXSALSA-N
ClC1=CC=C(CC(CN2C=CN=C2)C2=CC=CC=C2Br)C(Cl)=C1, UNIOWGGELLSLOW-UHFFFAOYSA-N
COC1=CC2=C(OC3=CC=C(NC(=O)C4=C(C)N(C5=CC=C(OC(F)(F)F)C=C5)C(=O)N4C)C=C3F)C=CN=C2C=C1OCCCN1CCC(C)CC1, UPYLUSZZUKVKLC-UHFFFAOYSA-N
CC1=C(C(=O)NC2=NC(C3CCC3)=C(N3CCN(C)CC3)S2)C=NN1C(C)(C)C, XXMPVCYKUFBEQL-UHFFFAOYSA-N
C[C@]12CC[C@H]3[C@@H](C[C@@H]4O[C@@]45C[C@@H](O)CC[C@]35C)[C@@H]1CC[C@@H]2O, QNCNODDNQFHTAE-ZEMYGLBYSA-N
O=C(CN1N=C(CC2=CC=CC=C2)C2=CC=CC=C2C1=O)NC1=CC=CC(C(F)(F)F)=C1, SECBYWGLDGHJLN-UHFFFAOYSA-N
C1=CC(CN2CCNCCCNCCNCC2)=CC=C1CN1CCNCCCNCCNCC1, WCBHWWCRMPMBTH-UHFFFAOYSA-N
CC(C)C(=O)NC1=CC=C2N=C(C3=CC=CC(Cl)=C3Cl)OC2=C1, GDCWMJWWRYTXNY-UHFFFAOYSA-N
COC1=C(C2CCC2)C=CC(C2=NC=C(N)N=C2C#N)=C1F, RWDSZWNVYRUBLM-UHFFFAOYSA-N
C#CCCOC(=O)/C=C(C)/C=C/CC(C)CCCC(C)(C)OC, YCBVYRSRHHEJAL-MLNSLSNSSA-N
CCOC1=CC2=[N+]([O-])C(C)(C)[N+]([O-])=C2C=C1, XUSDPLZITNXIBP-UHFFFAOYSA-N
N=C1C2=C(SC=C2)N=C2N1CC/C2=C\C1=CC=CC=C1Br, FANFUDBBDAWKMK-LHWQALLBSA-N
COC1=CC=C2C(=C1)CC(C1=NC3=C(F)C=C(C4=CC=NC(N)=N4)C=C3N1)CO2, LGNRWEUQQPIDQM-UHFFFAOYSA-N
CSCCNC1=C(F)C(=O)C2=C(F)C(F)=C(F)C(F)=C2C1=O, NSCLZWBWQLOXFQ-UHFFFAOYSA-N
O=C(COC1=CC=CC=C1C(=O)NC1=CC=CC=C1)NC1=CC=C(C2=CC=CC=C2)C=C1, PVPJLZORNPIRDJ-UHFFFAOYSA-N
NC1=NC(N)=C2C=C(S(=O)(=O)NC3=CC=C(Cl)C(Cl)=C3)C=CC2=N1, HHWIWTYLCSYMPN-UHFFFAOYSA-N
CCCN1C(C2=CN=C(NC3=CC=C(C)N=C3)C(Cl)=C2)=NC2=CC=CC(Cl)=C12, RGKVPYQYBUAAEH-UHFFFAOYSA-N
CN(CC1=CC=CC2=CC=CC=C12)CN1N=C(C2=CC=NC=C2)OC1=O, VTRFEMUYHTXFEQ-UHFFFAOYSA-N
O=C(N[C@@H](CSCC1=CC=CC=C1)C(=O)NC1=CC=C(C2S/C(=N\C3=CC=CC(F)=C3)N(CC3=CC=CO3)C2=O)C=C1)OCC1=CC=CC=C1, QDFOYTHIYBSDPW-RGAOVNQFSA-N
CN1CC[C@]23CCCC[C@H]2[C@H]1CC1=CC=C(OC2=CC=CC=C2F)C=C31, YZQZXLROYFNFQE-QTGUNEKASA-N
O=C(CN1C(=O)/C(=C/C2=CC=CO2)SC1=S)NC1=CC=C(C(=O)O)C(O)=C1, PRGIOMDFWSHPTC-QPEQYQDCSA-N
